18.16.SG,PVI INSURANCE SOUTH COMPANY,PVIS,2016-01-04 00:00:00.000,18.16.SG-PVI SOUTH1,2016-03-14 00:00:00.000,2016-03-14
19.16.SG,GLOBAL INSURANCE CORPORATION,GIC,2016-01-05 00:00:00.000,19.16.SG-GIC1,2016-11-25 00:00:00.000,2016-11-25
20.16.SG,AGRICULTURE BANK INSURANCE JOINT – STOCK CORPORATION,ABIC,2016-01-06 00:00:00.000,20.16.SG-ABIC1,2016-10-17 00:00:00.000,2017-04-03
21.16.SG,BAO MINH INSURANCE CORP.,BAOMINH,2016-01-06 00:00:00.000,21.16.SG-BAOMINH1,NULL,NULL
22.16.SG,BAO MINH INSURANCE CORP.,BAOMINH,2016-01-07 00:00:00.000,22.16.SG-BAOMINH1,2017-11-23 00:00:00.000,2018-01-09
23.16.SG,UNITED INSURANCE COMPANY OF VIETNAM,UIC,2016-01-12 00:00:00.000,23.16.SG-UIC1,2016-07-08 00:00:00.000,2016-07-25
24.16.SG,PVI INSURANCE SOUTH COMPANY,PVIS,2016-01-14 00:00:00.000,24.16.SG-PVI SOUTH1,2016-08-18 00:00:00.000,2016-08-18
18.16.HN,PVI THANG LONG,PVI TL,2016-01-14 00:00:00.000,18.16.HN-PVI THANG LONG1,2016-04-28 00:00:00.000,2016-05-04
19.16.HN,AGRICULTURE BANK INSURANCE JOINT – STOCK CORPORATION,ABIC,2016-01-14 00:00:00.000,19.16.HN-ABIC1,2016-03-28 00:00:00.000,2016-03-28
25.16.SG,BAO LONG INSURANCE CORPORATION,BAOLONG,2016-01-18 00:00:00.000,25.16.SG-BAOLONG1,2017-04-05 00:00:00.000,2017-04-13
20.16.HN,PVI INSURANCE CORPORATION - DONG DO BRANCH,PVI DD,2016-01-27 00:00:00.000,20.16.HN-PVI DD1,2016-12-05 00:00:00.000,2016-12-07
26.16.SG,PVI INSURANCE SOUTH COMPANY,PVIS,2016-01-29 00:00:00.000,26.16.SG-PVI SOUTH1,2016-11-25 00:00:00.000,2016-12-19
27.16.SG,BAO MINH INSURANCE CORP.,BAOMINH,2016-01-30 00:00:00.000,27.16.SG-BAOMINH1,2016-11-15 00:00:00.000,2016-11-15
21.16.HN,PVI INSURANCE CORPORATION - DONG DO BRANCH,PVI DD,2016-02-03 00:00:00.000,21.16.HN-PVI DD1,2016-12-31 00:00:00.000,2017-01-16
22.16.HN,POST TELECOMUNICATION INSURANCE,PTI,2016-02-12 00:00:00.000,22.16.HN-PTI1,2016-05-26 00:00:00.000,2016-06-10
28.16.SG,BAO MINH SAI GON,BMSG,2016-02-14 00:00:00.000,28.16.SG-BMSG1,2017-09-19 00:00:00.000,2017-09-28
29.16.SG,PVI INSURANCE SOUTH COMPANY,PVIS,2016-02-19 00:00:00.000,29.16.SG-PVI SOUTH1,2016-04-13 00:00:00.000,2016-04-13
30.16.SG,FUBON INSURANCE VIETNAM COMPANY LIMITED,FUBON,2016-02-19 00:00:00.000,30.16.SG-FUBON1,2016-05-26 00:00:00.000,2016-05-27
23.16.HN,UNITED INSURANCE COMPANY OF VIETNAM,UIC,2016-02-23 00:00:00.000,23.16.HN-UIC1,2016-05-23 00:00:00.000,2016-05-23
32.16.SG,PETROLIMEX INSURANCE CORPORATION,PJICO,2016-02-23 00:00:00.000,32.16.SG-PJICO1,2016-10-13 00:00:00.000,2017-11-14
24.16.HN,FUBON INSURANCE VIETNAM COMPANY LIMITED,FUBON,2016-02-23 00:00:00.000,24.16.HN-FUBON1,2016-09-19 00:00:00.000,2016-09-19
31.16.SG,PVI INSURANCE SOUTH COMPANY,PVIS,2016-02-26 00:00:00.000,31.16.SG-PVI SOUTH1,2016-12-25 00:00:00.000,2017-01-10
33.16.SG,BAO MINH INSURANCE CORP.,BAOMINH,2016-03-02 00:00:00.000,33.16.SG-BAOMINH1,2017-03-05 00:00:00.000,2019-05-14
33.16.SG,BAO MINH INSURANCE CORP.,BAOMINH,2016-03-02 00:00:00.000,33.16.SG.TS2,2019-05-14 00:00:00.000,2019-05-14
25.16.HN,UNITED INSURANCE COMPANY OF VIETNAM,UIC,2016-03-07 00:00:00.000,25.16.HN.TS1,2016-05-06 00:00:00.000,2016-05-23
34.16.SG,BAO MINH CHO LON,BMCL,2016-03-08 00:00:00.000,34.16.SG.TS1,2018-12-20 00:00:00.000,NULL
27.16.HN,AGRICULTURE BANK INSURANCE JOINT – STOCK CORPORATION,ABIC,2016-03-15 00:00:00.000,27.16.HN.TS1,NULL,NULL
26.16.HN,FUBON INSURANCE VIETNAM COMPANY LIMITED,FUBON,2016-03-15 00:00:00.000,26.16.HN.TS1,2016-06-30 00:00:00.000,2016-07-01
29.16.HN,BAO MINH CHO LON,BMCL,2016-03-19 00:00:00.000,29.16.HN.TS1,2016-12-10 00:00:00.000,2017-02-07
28.16.HN,AGRICULTURE BANK INSURANCE JOINT – STOCK CORPORATION,ABIC,2016-03-21 00:00:00.000,28.16.HN.TS1,2016-12-23 00:00:00.000,2017-08-25
30.16.HN,FUBON INSURANCE VIETNAM COMPANY LIMITED,FUBON,2016-03-25 00:00:00.000,30.16.HN.TS1,2016-07-09 00:00:00.000,2016-07-28
38.16.SG,BAO MINH INSURANCE CORP.,BAOMINH,2016-03-29 00:00:00.000,38.16.SG.TS1,2017-06-29 00:00:00.000,2017-08-29
35.16.SG,POST TELECOMUNICATION INSURANCE,PTI,2016-03-29 00:00:00.000,35.16.SG.TS1,2016-12-09 00:00:00.000,2016-12-26
32.16.HN,AGRICULTURE BANK INSURANCE JOINT – STOCK CORPORATION,ABIC,2016-03-29 00:00:00.000,32.16.HN.TS1,2016-07-27 00:00:00.000,2017-01-10
39.16.SG,BAO MINH INSURANCE CORP.,BAOMINH,2016-03-30 00:00:00.000,39.16.SG.TS1,2016-11-09 00:00:00.000,2017-01-24
40.16.SG,BAO MINH INSURANCE CORP.,BAOMINH,2016-03-31 00:00:00.000,40.16.SG.TS1,2016-09-14 00:00:00.000,2016-09-14
41.16.SG,QBE INSURANCE (VIETNAM) CO., LTD,QBE,2016-04-01 00:00:00.000,41.16.SG.TS1,2017-03-10 00:00:00.000,2017-07-24
42.16.SG,BAO LONG INSURANCE CORPORATION,BAOLONG,2016-04-03 00:00:00.000,42.16.SG.TS1,2016-09-22 00:00:00.000,2016-09-22
43.16.SG,BAO VIET INSURANCE CORPORATION - HO CHI MINH BRANCH,BVHCM,2016-04-04 00:00:00.000,43.16.SG.TS1,2016-09-21 00:00:00.000,2016-09-21
44.16.SG,GLOBAL INSURANCE CORPORATION,GIC,2016-04-06 00:00:00.000,44.16.SG.TS1,2016-04-27 00:00:00.000,2016-05-06
45.16.SG,BAO MINH BEN THANH,BMBT,2016-04-08 00:00:00.000,45.16.SG.TS1,2016-11-09 00:00:00.000,NULL
46.16.SG,POST TELECOMUNICATION INSURANCE,PTI,2016-04-14 00:00:00.000,46.16.SG.TS1,2017-02-28 00:00:00.000,2017-04-03
48.16.SG,BAO LONG INSURANCE CORPORATION,BAOLONG,2016-04-19 00:00:00.000,48.16.SG.TS1,2016-11-17 00:00:00.000,2016-11-17
49.16.SG,BAO MINH INSURANCE CORP.,BAOMINH,2016-04-19 00:00:00.000,49.16.SG.TS1,2016-10-14 00:00:00.000,2017-03-03
50.16.SG,UNITED INSURANCE COMPANY OF VIETNAM,UIC,2016-04-19 00:00:00.000,50.16.SG.TS1,2017-04-26 00:00:00.000,2017-04-27
51.16.SG,BAO MINH INSURANCE CORP.,BAOMINH,2016-04-21 00:00:00.000,51.16.SG.TS1,2017-03-30 00:00:00.000,2017-05-31
33.16.HN,BAO MINH INSURANCE CORP.,BAOMINH,2016-04-24 00:00:00.000,33.16.HN.TS1,2017-02-08 00:00:00.000,2017-03-13
53.16.SG,UNITED INSURANCE COMPANY OF VIETNAM,UIC,2016-04-27 00:00:00.000,53.16.SG.TS1,2016-09-23 00:00:00.000,2016-09-23
54.16.SG,BAO MINH BEN THANH,BMBT,2016-05-06 00:00:00.000,54.16.SG.TS1,2016-11-09 00:00:00.000,NULL
55.16.SG,PVI INSURANCE CORPORATION - PVI HCM,PVI HCM,2016-05-17 00:00:00.000,55.16.SG.TS1,2016-10-11 00:00:00.000,2016-10-18
56.16.SG,PVI INSURANCE CORPORATION - DONG DO BRANCH,PVI DD,2016-05-18 00:00:00.000,56.16.SG.TS1,2016-08-16 00:00:00.000,2016-08-16
57.16.SG,BAO MINH BEN THANH,BMBT,2016-05-20 00:00:00.000,57.16.SG.TS1,2016-11-09 00:00:00.000,NULL
34.16.HN,MILITARY INSURANCE CORPORATION,MIC,2016-05-20 00:00:00.000,34.16.HN.TS1,2018-01-13 00:00:00.000,2018-06-19
35.16.HN,PVI INSURANCE CORPORATION,PVI,2016-05-25 00:00:00.000,35.16.HN.TS1,2016-10-17 00:00:00.000,2017-04-28
36.16.HN,GLOBAL INSURANCE CORPORATION,GIC,2016-05-25 00:00:00.000,36.16.HN.TS1,2018-06-29 00:00:00.000,2018-08-08
37.16.HN,GLOBAL INSURANCE CORPORATION,GIC,2016-05-26 00:00:00.000,37.16.HN.TS1,2017-08-01 00:00:00.000,2017-08-14
38.16.HN,PVI INSURANCE CORPORATION,PVI,2016-05-26 00:00:00.000,38.16.HN.TS1,2016-12-29 00:00:00.000,2017-03-08
59.16.SG,GLOBAL INSURANCE CORPORATION,GIC,2016-05-27 00:00:00.000,59.16.SG.TS1,2016-12-13 00:00:00.000,2016-12-13
39.16.HN,BIDV INSURANCE CORPORATION,BIC,2016-05-27 00:00:00.000,39.16.HN.TS1,2016-06-25 00:00:00.000,2016-07-26
60.16.SG,PVI INSURANCE CORPORATION - GIA DINH BRANCH,PVIGD,2016-05-28 00:00:00.000,60.16.SG.TS1,2017-04-13 00:00:00.000,2017-04-28
40.16.HN,GLOBAL INSURANCE CORPORATION,GIC,2016-06-02 00:00:00.000,40.16.HN.TS1,2016-12-31 00:00:00.000,2017-03-03
41.16.HN,BAO MINH INSURANCE CORP.,BAOMINH,2016-06-03 00:00:00.000,41.16.HN.TS1,2017-07-04 00:00:00.000,2017-08-04
62.16.SG,PVI INSURANCE CORPORATION - SAI GON BRANCH,PVI SG,2016-06-06 00:00:00.000,62.16.SG.TS1,NULL,NULL
63.16.SG,PVI INSURANCE CORPORATION - GIA DINH BRANCH,PVIGD,2016-06-06 00:00:00.000,63.16.SG.TS1,2017-08-28 00:00:00.000,2017-10-25
42.16.HN,PETROLIMEX INSURANCE CORPORATION,PJICO,2016-06-07 00:00:00.000,42.16.HN.TS1,NULL,NULL
43.16.HN,PETROLIMEX J.S INSURANCE COMPANY - SAI GON BRANCH,PJICO SG,2016-06-07 00:00:00.000,43.16.HN.TS1,2018-12-26 00:00:00.000,2019-03-22
66.16.SG,BIDV INSURANCE CORP. - HO CHI MINH BRANCH,BIC HCM,2016-06-08 00:00:00.000,66.16.SG.TS1,2016-08-23 00:00:00.000,2016-08-23
67.16.SG,GLOBAL INSURANCE CORPORATION,GIC,2016-06-08 00:00:00.000,67.16.SG.TS1,2017-06-23 00:00:00.000,2017-08-08
68.16.SG,BAO MINH SAI GON,BMSG,2016-06-14 00:00:00.000,68.16.SG.TS1,NULL,NULL
44.16.HN,PETROLIMEX INSURANCE CORPORATION,PJICO,2016-06-14 00:00:00.000,44.16.HN.TS1,2017-08-09 00:00:00.000,2017-08-22
69.16.SG,PVI INSURANCE CORPORATION - GIA DINH BRANCH,PVIGD,2016-06-14 00:00:00.000,69.16.SG.TS1,2017-05-30 00:00:00.000,2017-08-08
70.16.SG,BAO MINH BEN THANH,BMBT,2016-06-18 00:00:00.000,70.16.SG.TS1,2017-02-21 00:00:00.000,2017-06-23
45.16.HN,PVI INSURANCE CORPORATION - DONG DO BRANCH,PVI DD,2016-06-19 00:00:00.000,45.16.HN.TS2,NULL,NULL
46.16.HN,BIDV INSURANCE CORPORATION,BIC,2016-06-20 00:00:00.000,46.16.HN.TS1,NULL,NULL
71.16.SG,BAO MINH INSURANCE CORP.,BAOMINH,2016-06-20 00:00:00.000,71.16.SG.TS1,2017-02-15 00:00:00.000,2017-03-03
47.16.HN,PVI THANG LONG,PVI TL,2016-06-22 00:00:00.000,47.16.HN.TS1,2017-01-25 00:00:00.000,2017-02-23
72.16.SG,PVI INSURANCE SOUTH COMPANY,PVIS,2016-06-23 00:00:00.000,72.16.SG.TS1,2018-03-16 00:00:00.000,2018-03-19
73.16.SG,UNITED INSURANCE COMPANY OF VIETNAM - HCM BRANCH,UICHCM,2016-06-24 00:00:00.000,73.16.SG.TS1,2016-09-05 00:00:00.000,2017-04-05
74.16.SG,BAO LONG INSURANCE CORPORATION,BAOLONG,2016-06-30 00:00:00.000,74.16.SG.TS1,2017-02-18 00:00:00.000,2017-02-28
48.16.HN,PETROLIMEX INSURANCE CORPORATION,PJICO,2016-07-04 00:00:00.000,48.16.HN.TS1,2017-06-19 00:00:00.000,2017-12-19
75.16.SG,MILITARY INSURANCE CORPORATION,MIC,2016-07-06 00:00:00.000,75.16.SG.TS1,2016-10-07 00:00:00.000,2017-12-13
76.16.SG,BAO LONG INSURANCE CORPORATION,BAOLONG,2016-07-08 00:00:00.000,76.16.SG.TS1,2016-07-13 00:00:00.000,NULL
77.16.SG,QBE INSURANCE (VIETNAM) CO., LTD,QBE,2016-07-10 00:00:00.000,77.16.SG.TS1,2016-09-22 00:00:00.000,2016-09-22
78.16.SG,BAO MINH INSURANCE CORP.,BAOMINH,2016-07-13 00:00:00.000,78.16.SG.TS1,2016-12-31 00:00:00.000,2017-02-22
79.16.SG,PVI THANG LONG,PVI TL,2016-07-15 00:00:00.000,79.16.SG.TS1,2017-07-01 00:00:00.000,2018-01-24
80.16.SG,CATHAY INSURANCE (VIETNAM) CO., LTD,CATHAY,2016-07-15 00:00:00.000,80.16.SG.TS1,2017-05-15 00:00:00.000,2017-05-15
81.16.SG,PVI INSURANCE CORPORATION - PVI HCM,PVI HCM,2016-07-15 00:00:00.000,81.16.SG.TS1,2016-11-25 00:00:00.000,2016-12-06
82.16.SG,BAO MINH SAI GON,BMSG,2016-07-20 00:00:00.000,82.16.SG.TS1,2016-11-21 00:00:00.000,2016-11-21
83.16.SG,BAO LONG INSURANCE CORPORATION,BAOLONG,2016-07-21 00:00:00.000,83.16.SG.TS1,NULL,NULL
84.16.SG,GLOBAL INSURANCE CORPORATION,GIC,2016-07-21 00:00:00.000,84.16.SG.TS1,2016-11-11 00:00:00.000,2016-11-11
85.16.SG,PVI INSURANCE SOUTH COMPANY,PVIS,2016-07-21 00:00:00.000,85.16.SG.TS1,2016-12-06 00:00:00.000,2016-12-07
86.16.SG,UNITED INSURANCE COMPANY OF VIETNAM,UIC,2016-07-22 00:00:00.000,86.16.SG.TS1,2016-07-27 00:00:00.000,2016-07-27
87.16.SG,BAO MINH SAI GON,BMSG,2016-07-23 00:00:00.000,87.16.SG.TS1,2017-11-27 00:00:00.000,2018-06-14
89.16.SG,AGRICULTURE BANK INSURANCE JOINT – STOCK CORPORATION,ABIC,2016-07-26 00:00:00.000,89.16.SG.TS1,2017-03-26 00:00:00.000,2018-09-13
90.16.SG,PVI THANG LONG,PVI TL,2016-07-27 00:00:00.000,90.16.SG.TS1,2017-04-12 00:00:00.000,2017-04-22
51.16.HN,PVI INSURANCE CORPORATION,PVI,2016-07-28 00:00:00.000,51.16.HN.TS1,2017-09-19 00:00:00.000,2018-01-03
52.16.HN,PVI THANG LONG,PVI TL,2016-07-28 00:00:00.000,52.16.HN.TS1,2016-12-31 00:00:00.000,2017-03-03
53.16.HN,PETROLIMEX INSURANCE CORPORATION,PJICO,2016-07-28 00:00:00.000,53.16.HN.TS1,2017-07-28 00:00:00.000,2017-08-25
54.16.HN,PETROLIMEX INSURANCE CORPORATION,PJICO,2016-07-28 00:00:00.000,54.16.HN.TS1,2017-05-26 00:00:00.000,2017-12-19
55.16.HN,FUBON INSURANCE VIETNAM COMPANY LIMITED,FUBON,2016-07-28 00:00:00.000,55.16.HN.TS1,2016-11-14 00:00:00.000,2016-11-14
56.16.HN,FUBON INSURANCE VIETNAM COMPANY LIMITED,FUBON,2016-07-28 00:00:00.000,56.16.HN.TS1,2016-11-28 00:00:00.000,2016-11-28
57.16.HN,BAO MINH SAI GON,BMSG,2016-07-28 00:00:00.000,57.16.HN.TS1,2018-09-20 00:00:00.000,2019-01-22
58.16.HN,AGRICULTURE BANK INSURANCE JOINT – STOCK CORPORATION,ABIC,2016-07-28 00:00:00.000,58.16.HN.TS1,2016-12-20 00:00:00.000,2016-12-22
59.16.HN,AGRICULTURE BANK INSURANCE JOINT – STOCK CORPORATION,ABIC,2016-07-28 00:00:00.000,59.16.HN.TS1,2016-09-19 00:00:00.000,2016-09-19
71.16.HN,PETROLIMEX J.S INSURANCE COMPANY - SAI GON BRANCH,PJICO SG,2016-07-28 00:00:00.000,71.16.HN.TS1,2017-03-29 00:00:00.000,2017-08-25
61.16.HN,PVI INSURANCE CORPORATION,PVI,2016-07-28 00:00:00.000,61.16.HN.TS1,2017-09-19 00:00:00.000,2018-01-02
62.16.HN,PETROLIMEX INSURANCE CORPORATION,PJICO,2016-07-28 00:00:00.000,62.16.HN.TS1,2016-11-24 00:00:00.000,2016-12-26
63.16.HN,BAO VIET TOKIO MARINE HANOI BRANCH,BVTM HN,2016-07-28 00:00:00.000,63.16.HN.TS1,2016-12-09 00:00:00.000,2016-12-09
64.16.HN,BAO VIET TOKIO MARINE HANOI BRANCH,BVTM HN,2016-07-28 00:00:00.000,64.16.HN.TS1,2016-12-02 00:00:00.000,2016-12-05
65.16.HN,BAO VIET TOKIO MARINE HANOI BRANCH,BVTM HN,2016-07-29 00:00:00.000,65.16.HN.TS1,2017-12-19 00:00:00.000,2018-03-22
66.16.HN,UNITED INSURANCE COMPANY OF VIETNAM,UIC,2016-07-29 00:00:00.000,66.16.HN.TS1,2016-12-27 00:00:00.000,2017-01-04
91.16.SG,QBE INSURANCE (VIETNAM) CO., LTD,QBE,2016-07-29 00:00:00.000,91.16.SG.TS1,2017-03-13 00:00:00.000,2017-03-13
60.16.HN,UNITED INSURANCE COMPANY OF VIETNAM,UIC,2016-07-29 00:00:00.000,60.16.HN.TS1,2016-12-31 00:00:00.000,2017-01-06
65.16.HN,BAO VIET TOKIO MARINE HANOI BRANCH,BVTM HN,2016-07-29 00:00:00.000,65.16.HN.TS2,2018-03-21 00:00:00.000,2018-03-22
67.16.HN,AGRICULTURE BANK INSURANCE JOINT – STOCK CORPORATION,ABIC,2016-07-30 00:00:00.000,67.16.HN.TS1,2016-12-20 00:00:00.000,2016-12-26
68.16.HN,FUBON INSURANCE VIETNAM COMPANY LIMITED,FUBON,2016-08-01 00:00:00.000,68.16.HN.TS1,2016-08-31 00:00:00.000,2016-08-31
69.16.HN,PVI THANG LONG,PVI TL,2016-08-01 00:00:00.000,69.16.HN.TS1,2017-07-17 00:00:00.000,2017-12-06
70.16.HN,AGRICULTURE BANK INSURANCE JOINT – STOCK CORPORATION,ABIC,2016-08-01 00:00:00.000,70.16.HN.TS1,2017-09-16 00:00:00.000,2017-12-14
88.16.HN,SAI GON - HA NOI INSURANCE CORPORATION,BSH,2016-08-02 00:00:00.000,88.16.HN.TS1,2018-06-29 00:00:00.000,2018-09-04
72.16.HN,PETROLIMEX INSURANCE CORPORATION,PJICO,2016-08-03 00:00:00.000,72.16.HN.TS1,2018-03-05 00:00:00.000,2018-05-02
73.16.HN,PETROLIMEX INSURANCE CORPORATION,PJICO,2016-08-09 00:00:00.000,73.16.HN.TS1,2016-10-13 00:00:00.000,2017-03-09
74.16.HN,AGRICULTURE BANK INSURANCE JOINT – STOCK CORPORATION,ABIC,2016-08-09 00:00:00.000,74.16.HN.TS1,2017-06-05 00:00:00.000,2017-07-27
76.16.HN,AGRICULTURE BANK INSURANCE JOINT – STOCK CORPORATION,ABIC,2016-08-09 00:00:00.000,76.16.HN.TS1,NULL,NULL
74.16.HN,AGRICULTURE BANK INSURANCE JOINT – STOCK CORPORATION,ABIC,2016-08-09 00:00:00.000,74.16.HN.TS2,2017-12-26 00:00:00.000,2018-12-26
75.16.HN,AGRICULTURE BANK INSURANCE JOINT – STOCK CORPORATION,ABIC,2016-08-12 00:00:00.000,75.16.HN.TS1,2018-04-19 00:00:00.000,2018-06-01
92.16.SG,PVI INSURANCE SOUTH COMPANY,PVIS,2016-08-15 00:00:00.000,92.16.SG.TS1,2016-10-27 00:00:00.000,2016-10-27
77.16.HN,GLOBAL INSURANCE CORPORATION,GIC,2016-08-15 00:00:00.000,77.16.HN.TS1,2017-02-09 00:00:00.000,2017-02-15
78.16.HN,PETROLIMEX INSURANCE CORPORATION,PJICO,2016-08-16 00:00:00.000,78.16.HN.TS1,2017-03-20 00:00:00.000,2017-07-11
93.16.SG,PETROLIMEX INSURANCE CORPORATION,PJICO,2016-08-16 00:00:00.000,93.16.SG.TS1,2018-05-28 00:00:00.000,2018-07-06
104.16.SG,PETROLIMEX INSURANCE CORPORATION,PJICO,2016-08-16 00:00:00.000,104.16.SG.TS1,2018-11-05 00:00:00.000,NULL
80.16.HN,PETROLIMEX J.S INSURANCE COMPANY - SAI GON BRANCH,PJICO SG,2016-08-16 00:00:00.000,80.16.HN.TS1,2017-01-18 00:00:00.000,2017-07-11
94.16.SG,BAO MINH INSURANCE CORP.,BAOMINH,2016-08-17 00:00:00.000,94.16.SG.TS1,2016-12-01 00:00:00.000,2016-12-02
79.16.HN,PETROLIMEX J.S INSURANCE COMPANY - SAI GON BRANCH,PJICO SG,2016-08-17 00:00:00.000,79.16.HN.TS1,2017-03-24 00:00:00.000,2017-04-18
81.16.HN,AGRICULTURE BANK INSURANCE JOINT – STOCK CORPORATION,ABIC,2016-08-20 00:00:00.000,81.16.HN.TS1,2018-01-20 00:00:00.000,2018-06-19
82.16.HN,AGRICULTURE BANK INSURANCE JOINT – STOCK CORPORATION,ABIC,2016-08-20 00:00:00.000,82.16.HN.TS1,2018-01-30 00:00:00.000,2018-06-19
83.16.HN,MILITARY INSURANCE CORPORATION,MIC,2016-08-24 00:00:00.000,83.16.HN.TS1,2018-10-08 00:00:00.000,2019-03-13
95.16.SG,BAO MINH INSURANCE CORP.,BAOMINH,2016-08-27 00:00:00.000,95.16.SG.TS1,2016-11-29 00:00:00.000,2016-12-20
96.16.SG,PETROLIMEX INSURANCE CORPORATION,PJICO,2016-08-27 00:00:00.000,96.16.SG.TS1,2016-11-25 00:00:00.000,2017-05-19
97.16.SG,PVI INSURANCE SOUTH COMPANY,PVIS,2016-08-27 00:00:00.000,97.16.SG.TS1,2016-10-14 00:00:00.000,2016-10-26
98.16.SG,BAO MINH SAI GON,BMSG,2016-08-29 00:00:00.000,98.16.SG.TS1,2016-11-05 00:00:00.000,2016-12-22
84.16.HN,PVI INSURANCE CORPORATION,PVI,2016-08-29 00:00:00.000,84.16.HN.TS1,2017-03-07 00:00:00.000,2017-03-21
85.16.HN,MILITARY INSURANCE CORPORATION,MIC,2016-08-29 00:00:00.000,85.16.HN.TS1,2018-05-31 00:00:00.000,2018-12-14
85.16.HN,MILITARY INSURANCE CORPORATION,MIC,2016-08-29 00:00:00.000,85.16.HN.TS2,2018-12-14 00:00:00.000,2018-12-14
99.16.SG,GLOBAL INSURANCE CORPORATION,GIC,2016-08-31 00:00:00.000,99.16.SG.TS1,2017-05-29 00:00:00.000,2017-06-07
100.16.SG,BAO MINH INSURANCE CORP.,BAOMINH,2016-08-31 00:00:00.000,100.16.SG.TS1,2017-12-22 00:00:00.000,2018-07-24
86.16.HN,MILITARY INSURANCE CORPORATION,MIC,2016-08-31 00:00:00.000,86.16.HN.TS1,2016-12-15 00:00:00.000,2017-04-20
100.16.SG,BAO MINH INSURANCE CORP.,BAOMINH,2016-08-31 00:00:00.000,100.16.SG.TS2,2018-07-05 00:00:00.000,2018-07-24
105.16.SG,BAO MINH CHO LON,BMCL,2016-09-01 00:00:00.000,105.16.SG.TS1,2017-05-27 00:00:00.000,2018-10-01
101.16.SG,BAO VIET INSURANCE CORPORATION - HO CHI MINH BRANCH,BVHCM,2016-09-05 00:00:00.000,101.16.SG.TS1,2017-04-15 00:00:00.000,2017-10-02
102.16.SG,AGRICULTURE BANK INSURANCE JOINT – STOCK CORPORATION - HCM BRANCH,ABIC HCM,2016-09-06 00:00:00.000,102.16.SG.TS1,2017-12-20 00:00:00.000,2018-05-15
103.16.SG,PVI INSURANCE CORPORATION - PVI HCM,PVI HCM,2016-09-07 00:00:00.000,103.16.SG.TS1,2017-02-20 00:00:00.000,2017-08-22
87.16.HN,GLOBAL INSURANCE CORPORATION,GIC,2016-09-09 00:00:00.000,87.16.HN.TS1,2016-12-12 00:00:00.000,2016-12-13
106.16.SG,BAO MINH INSURANCE CORP.,BAOMINH,2016-09-11 00:00:00.000,106.16.SG.TS1,2019-03-22 00:00:00.000,2019-04-09
107.16.SG,BAO MINH INSURANCE CORP.,BAOMINH,2016-09-12 00:00:00.000,107.16.SG.TS1,2016-12-04 00:00:00.000,2018-02-05
108.16.SG,AGRICULTURE BANK INSURANCE JOINT – STOCK CORPORATION,ABIC,2016-09-13 00:00:00.000,108.16.SG.TS1,2016-12-31 00:00:00.000,2017-03-25
109.16.SG,PVI INSURANCE SOUTH COMPANY,PVIS,2016-09-13 00:00:00.000,109.16.SG.TS1,2016-12-02 00:00:00.000,2016-12-15
110.16.SG,GLOBAL INSURANCE CORPORATION,GIC,2016-09-14 00:00:00.000,110.16.SG.TS1,2016-11-25 00:00:00.000,2016-12-05
111.16.SG,PETROLIMEX INSURANCE CORPORATION,PJICO,2016-09-15 00:00:00.000,111.16.SG.TS1,2019-05-09 00:00:00.000,NULL
112.16.SG,PETROLIMEX INSURANCE CORPORATION,PJICO,2016-09-15 00:00:00.000,112.16.SG.TS1,2017-06-09 00:00:00.000,2017-06-27
113.16.SG,BAO MINH BEN THANH,BMBT,2016-09-15 00:00:00.000,113.16.SG.TS1,2017-03-15 00:00:00.000,2017-05-09
89.16.HN,PETROLIMEX INSURANCE CORPORATION,PJICO,2016-09-22 00:00:00.000,89.16.HN.TS1,2016-11-30 00:00:00.000,2017-02-21
115.16.SG,MILITARY INSURANCE CORPORATION,MIC,2016-09-25 00:00:00.000,115.16.SG.TS1,2017-05-24 00:00:00.000,2017-06-20
116.16.SG,PVI INSURANCE CORPORATION - SAI GON BRANCH,PVI SG,2016-09-26 00:00:00.000,116.16.SG.TS1,2016-11-23 00:00:00.000,2017-01-11
117.16.SG,QBE INSURANCE (VIETNAM) CO., LTD,QBE,2016-09-26 00:00:00.000,117.16.SG.TS1,2017-12-28 00:00:00.000,2018-01-02
118.16.SG,PETROLIMEX J.S INSURANCE COMPANY - BEN THANH BRANCH,PJICO BT,2016-09-27 00:00:00.000,118.16.SG.TS1,2016-12-13 00:00:00.000,2017-06-12
119.16.SG,PVI INSURANCE SOUTH COMPANY,PVIS,2016-09-27 00:00:00.000,119.16.SG.TS1,2018-02-12 00:00:00.000,2018-03-08
120.16.SG,BAO LONG INSURANCE CORPORATION,BAOLONG,2016-09-27 00:00:00.000,120.16.SG.TS1,2016-10-21 00:00:00.000,2016-10-21
121.16.SG,AGRICULTURE BANK INSURANCE JOINT – STOCK CORPORATION,ABIC,2016-09-27 00:00:00.000,121.16.SG.TS1,2017-06-06 00:00:00.000,2017-08-23
122.16.SG,PETROLIMEX J.S INSURANCE COMPANY - DONG NAI BRANCH,PJICO DN,2016-09-27 00:00:00.000,122.16.SG.TS1,2017-10-18 00:00:00.000,2017-12-26
124.16.SG,BAO MINH INSURANCE CORP.,BAOMINH,2016-09-27 00:00:00.000,124.16.SG.TS1,2017-01-16 00:00:00.000,2017-04-27
125.16.SG,MILITARY INSURANCE CORPORATION,MIC,2016-09-28 00:00:00.000,125.16.SG.TS1,2017-12-26 00:00:00.000,2018-11-26
126.16.SG,BAO LONG INSURANCE CORPORATION,BAOLONG,2016-09-28 00:00:00.000,126.16.SG.TS1,2017-08-30 00:00:00.000,2017-09-06
90.16.HN,FUBON INSURANCE VIETNAM COMPANY LIMITED,FUBON,2016-09-28 00:00:00.000,90.16.HN.TS1,2017-04-23 00:00:00.000,2017-05-17
91.16.HN,AGRICULTURE BANK INSURANCE JOINT – STOCK CORPORATION,ABIC,2016-09-30 00:00:00.000,91.16.HN.TS1,2016-11-15 00:00:00.000,2016-12-05
127.16.SG,PVI INSURANCE SOUTH COMPANY,PVIS,2016-10-02 00:00:00.000,127.16.SG.TS1,2016-12-19 00:00:00.000,2016-12-19
92.16.HN,SAI GON - HA NOI INSURANCE CORPORATION,BSH,2016-10-06 00:00:00.000,92.16.HN.TS1,2017-03-30 00:00:00.000,2017-05-27
93.16.HN,PVI INSURANCE CORPORATION - HANOI BRANCH,PVI HN,2016-10-07 00:00:00.000,93.16.HN.TS1,2017-09-21 00:00:00.000,2017-10-25
128.16.SG,UNITED INSURANCE COMPANY OF VIETNAM,UIC,2016-10-07 00:00:00.000,128.16.SG.TS1,2018-06-22 00:00:00.000,NULL
129.16.SG,PVI INSURANCE CORPORATION - SAI GON BRANCH,PVI SG,2016-10-12 00:00:00.000,129.16.SG.TS1,2017-01-17 00:00:00.000,2017-04-20
130.16.SG,UNITED INSURANCE COMPANY OF VIETNAM - HCM BRANCH,UICHCM,2016-10-14 00:00:00.000,130.16.SG.TS1,2016-12-05 00:00:00.000,2016-12-05
131.16.SG,BAO MINH SAI GON,BMSG,2016-10-17 00:00:00.000,131.16.SG.TS1,2017-01-20 00:00:00.000,2017-03-02
94.16.HN,UNITED INSURANCE COMPANY OF VIETNAM,UIC,2016-10-17 00:00:00.000,94.16.HN.TS1,2017-02-15 00:00:00.000,2017-05-05
132.16.SG,UNITED INSURANCE COMPANY OF VIETNAM - HCM BRANCH,UICHCM,2016-10-18 00:00:00.000,132.16.SG.TS1,2017-01-25 00:00:00.000,2017-02-06
133.16.SG,GLOBAL INSURANCE CORPORATION,GIC,2016-10-18 00:00:00.000,133.16.SG.TS1,2018-06-30 00:00:00.000,2018-07-02
134.16.SG,BAO LONG INSURANCE CORPORATION,BAOLONG,2016-10-18 00:00:00.000,134.16.SG.TS1,2017-10-18 00:00:00.000,2017-10-20
135.16.SG,PVI INSURANCE CORPORATION - SAI GON BRANCH,PVI SG,2016-10-21 00:00:00.000,135.16.SG.TS1,2016-11-23 00:00:00.000,2017-01-11
95.16.HN,SAI GON - HA NOI INSURANCE CORPORATION,BSH,2016-10-24 00:00:00.000,95.16.HN.TS1,2018-01-31 00:00:00.000,2018-03-26
95.16.HN,SAI GON - HA NOI INSURANCE CORPORATION,BSH,2016-10-24 00:00:00.000,95.16.HN.TS2,2018-01-31 00:00:00.000,2018-03-26
136.16.SG,BAO MINH BEN THANH,BMBT,2016-10-25 00:00:00.000,136.16.SG.TS1,2017-05-27 00:00:00.000,2017-06-23
137.16.SG,CATHAY INSURANCE (VIETNAM) CO., LTD,CATHAY,2016-10-26 00:00:00.000,137.16.SG.TS1,NULL,NULL
96.16.HN,CATHAY INSURANCE (VIETNAM) CO., LTD,CATHAY,2016-10-27 00:00:00.000,96.16.HN.TS1,2017-03-01 00:00:00.000,2017-03-17
138.16.SG,BAO MINH INSURANCE CORP.,BAOMINH,2016-10-27 00:00:00.000,138.16.SG.TS1,2017-06-14 00:00:00.000,2017-06-29
139.16.SG,FUBON INSURANCE VIETNAM COMPANY LIMITED,FUBON,2016-10-29 00:00:00.000,139.16.SG.TS1,2016-12-17 00:00:00.000,2016-12-22
140.16.SG,BAO LONG INSURANCE CORPORATION,BAOLONG,2016-11-01 00:00:00.000,140.16.SG.TS1,2017-04-11 00:00:00.000,2017-04-11
141.16.SG,BAO MINH SAI GON,BMSG,2016-11-03 00:00:00.000,141.16.SG.TS1,2017-05-18 00:00:00.000,2017-08-03
97.16.HN,GLOBAL INSURANCE CORPORATION,GIC,2016-11-04 00:00:00.000,97.16.HN.TS1,2018-11-02 00:00:00.000,2018-12-06
142.16.SG,AGRICULTURE BANK INSURANCE JOINT – STOCK CORPORATION,ABIC,2016-11-07 00:00:00.000,142.16.SG.TS1,2017-06-29 00:00:00.000,2017-07-12
143.16.SG,BAO MINH INSURANCE CORP.,BAOMINH,2016-11-17 00:00:00.000,143.16.SG.TS1,2017-09-08 00:00:00.000,2017-12-20
98.16.HN,FUBON INSURANCE VIETNAM COMPANY LIMITED,FUBON,2016-11-17 00:00:00.000,98.16.HN.TS1,2017-04-10 00:00:00.000,2017-05-17
99.16.HN,SAI GON - HA NOI INSURANCE CORPORATION,BSH,2016-11-22 00:00:00.000,99.16.HN.TS1,NULL,NULL
144.16.SG,BAO MINH INSURANCE CORP.,BAOMINH,2016-11-23 00:00:00.000,144.16.SG.TS1,2017-05-26 00:00:00.000,2017-10-09
100.16.HN,AGRICULTURE BANK INSURANCE JOINT – STOCK CORPORATION,ABIC,2016-11-24 00:00:00.000,100.16.HN.TS1,2018-03-21 00:00:00.000,2019-03-14
145.16.SG,BAO MINH INSURANCE CORP.,BAOMINH,2016-11-24 00:00:00.000,145.16.SG.TS1,2017-10-23 00:00:00.000,2017-11-22
146.16.SG,BAO MINH INSURANCE CORP.,BAOMINH,2016-11-24 00:00:00.000,146.16.SG.TS1,2017-03-18 00:00:00.000,2017-03-29
147.16.SG,MILITARY INSURANCE CORPORATION,MIC,2016-11-25 00:00:00.000,147.16.SG.TS1,2017-04-23 00:00:00.000,2017-06-14
101.16.HN,PVI THANG LONG,PVI TL,2016-11-25 00:00:00.000,101.16.HN.TS1,2017-12-14 00:00:00.000,2018-02-06
148.16.SG,GLOBAL INSURANCE CORPORATION,GIC,2016-11-29 00:00:00.000,148.16.SG.TS1,2016-12-17 00:00:00.000,2017-01-10
102.16.HN,BAO MINH BEN THANH,BMBT,2016-12-01 00:00:00.000,102.16.HN.TS1,2017-08-18 00:00:00.000,2018-02-05
103.16.HN,PVI BAC SONG HONG,PVI BSH,2016-12-01 00:00:00.000,103.16.HN.TS1,2017-09-14 00:00:00.000,2019-03-28
102.16.HN,BAO MINH BEN THANH,BMBT,2016-12-01 00:00:00.000,102.16.HN.TS2,2017-08-21 00:00:00.000,2018-05-29
149.16.SG,BAO VIET INSURANCE CORP. - DONG NAI BRANCH,BVDN,2016-12-08 00:00:00.000,149.16.SG.TS1,2017-02-02 00:00:00.000,2018-09-20
150.16.SG,POST TELECOMUNICATION INSURANCE,PTI,2016-12-08 00:00:00.000,150.16.SG.TS1,2018-01-09 00:00:00.000,2018-02-06
151.16.SG,BAO MINH BEN THANH,BMBT,2016-12-08 00:00:00.000,151.16.SG.TS1,2018-07-03 00:00:00.000,2019-01-17
152.16.SG,BAO LONG INSURANCE CORPORATION,BAOLONG,2016-12-13 00:00:00.000,152.16.SG.TS1,2017-07-12 00:00:00.000,2017-07-14
153.16.SG,GLOBAL INSURANCE CORPORATION,GIC,2016-12-14 00:00:00.000,153.16.SG.TS1,NULL,NULL
104.16.HN,PETROLIMEX INSURANCE CORPORATION,PJICO,2016-12-14 00:00:00.000,104.16.HN.TS1,NULL,NULL
105.16.HN,PVI THANG LONG,PVI TL,2016-12-14 00:00:00.000,105.16.HN.TS1,2017-12-06 00:00:00.000,2018-02-28
154.16.SG,BAO VIET INSURANCE CORP. - SAI GON BRANCH,BVSG,2016-12-15 00:00:00.000,154.16.SG.TS1,NULL,NULL
155.16.SG,AGRICULTURE BANK INSURANCE JOINT – STOCK CORPORATION,ABIC,2016-12-15 00:00:00.000,155.16.SG.TS1,2017-12-28 00:00:00.000,2018-02-07
156.16.SG,GLOBAL INSURANCE CORPORATION,GIC,2016-12-16 00:00:00.000,156.16.SG.TS1,2017-02-08 00:00:00.000,2017-02-08
157.16.SG,AGRICULTURE BANK INSURANCE JOINT – STOCK CORPORATION,ABIC,2016-12-16 00:00:00.000,157.16.SG.TS1,2017-10-03 00:00:00.000,2018-10-10
158.16.SG,GLOBAL INSURANCE CORPORATION,GIC,2016-12-17 00:00:00.000,158.16.SG.TS1,2017-01-25 00:00:00.000,2017-02-07
106.16.HN,FUBON INSURANCE VIETNAM COMPANY LIMITED,FUBON,2016-12-17 00:00:00.000,106.16.HN.TS1,2017-05-27 00:00:00.000,2017-07-04
159.16.SG,AGRICULTURE BANK INSURANCE JOINT – STOCK CORPORATION,ABIC,2016-12-18 00:00:00.000,159.16.SG.TS1,2018-02-09 00:00:00.000,2018-04-02
160.16.SG,BAO MINH BEN THANH,BMBT,2016-12-19 00:00:00.000,160.16.SG.TS1,2017-11-03 00:00:00.000,2017-11-03
161.16.SG,BAO VIET TOKIO MARINE HANOI BRANCH,BVTM HN,2016-12-19 00:00:00.000,161.16.SG.TS1,2018-12-28 00:00:00.000,2019-01-14
162.16.SG,AGRICULTURE BANK INSURANCE JOINT – STOCK CORPORATION,ABIC,2016-12-19 00:00:00.000,162.16.SG.TS1,2017-12-22 00:00:00.000,2018-11-20
163.16.SG,FUBON INSURANCE VIETNAM COMPANY LIMITED,FUBON,2016-12-19 00:00:00.000,163.16.SG.TS1,2017-07-01 00:00:00.000,2017-08-23
164.16.SG,BAO MINH INSURANCE CORP.,BAOMINH,2016-12-21 00:00:00.000,164.16.SG.TS1,2018-03-26 00:00:00.000,2018-07-24
123.16.SG,BAO LONG INSURANCE CORPORATION,BAOLONG,2016-12-21 00:00:00.000,123.16.SG.TS1,2019-03-06 00:00:00.000,2019-03-08
50.16.HN,AGRICULTURE BANK INSURANCE JOINT – STOCK CORPORATION,ABIC,2016-12-22 00:00:00.000,50.16.HN.TS1,2016-12-31 00:00:00.000,2017-06-16
49.16.HN,PVI INSURANCE CORPORATION - DONG DO BRANCH,PVI DD,2016-12-22 00:00:00.000,49.16.HN.TS1,2016-12-26 00:00:00.000,2017-05-18
165.16.SG,GLOBAL INSURANCE CORPORATION,GIC,2016-12-23 00:00:00.000,165.16.SG.TS1,2018-12-26 00:00:00.000,2019-04-05
166.16.SG,UNITED INSURANCE COMPANY OF VIETNAM,UIC,2016-12-24 00:00:00.000,166.16.SG.TS1,2018-07-30 00:00:00.000,NULL
167.16.SG,PETROLIMEX J.S INSURANCE COMPANY - DONG NAI BRANCH,PJICO DN,2016-12-27 00:00:00.000,167.16.SG.TS1,2017-05-11 00:00:00.000,2017-12-27
168.16.SG,AGRICULTURE BANK INSURANCE JOINT – STOCK CORPORATION,ABIC,2016-12-27 00:00:00.000,168.16.SG.TS1,2017-05-30 00:00:00.000,2017-09-15
107.16.HN,PVI THANG LONG,PVI TL,2016-12-30 00:00:00.000,107.16.HN.TS1,2017-12-15 00:00:00.000,2018-01-03
169.16.SG,GLOBAL INSURANCE CORPORATION,GIC,2016-12-31 00:00:00.000,169.16.SG.TS1,2017-08-17 00:00:00.000,2017-08-21
17.17.SG,PVI THANG LONG,PVI TL,2016-12-31 00:00:00.000,17.17.SG.TS1,2017-02-17 00:00:00.000,2018-01-24
16.17.SG,BAO MINH BEN THANH,BMBT,2017-01-01 00:00:00.000,16.17.SG.TS1,2019-01-14 00:00:00.000,2019-03-21
160.17.SG,Vericlaim, Inc,Vericlaim,2017-01-01 00:00:00.000,160.17.SG.TS1,2017-12-15 00:00:00.000,2017-12-15
18.17.SG,BAO LONG INSURANCE CORPORATION,BAOLONG,2017-01-03 00:00:00.000,18.17.SG.TS1,NULL,NULL
19.17.SG,PTI INSURANCE - PTI PHU MY HUNG COMPANY,PTI PMH,2017-01-03 00:00:00.000,19.17.SG.TS1,2017-05-11 00:00:00.000,2017-07-04
20.17.SG,UNITED INSURANCE COMPANY OF VIETNAM - HCM BRANCH,UICHCM,2017-01-06 00:00:00.000,20.17.SG.TS1,2017-12-14 00:00:00.000,2018-01-18
21.17.SG,MILITARY INSURANCE CORPORATION,MIC,2017-01-08 00:00:00.000,21.17.SG.TS1,2018-06-26 00:00:00.000,2018-09-18
23.17.SG,PETROLIMEX INSURANCE CORPORATION,PJICO,2017-01-10 00:00:00.000,23.17.SG.TS1,2018-03-05 00:00:00.000,2018-04-10
28.17.SG,THE INSURED,THE INSURED,2017-01-10 00:00:00.000,28.17.SG.TS1,2017-05-10 00:00:00.000,2017-05-10
25.17.SG,AGRICULTURE BANK INSURANCE JOINT – STOCK CORPORATION - HCM BRANCH,ABIC HCM,2017-01-13 00:00:00.000,25.17.SG.TS1,2017-05-14 00:00:00.000,2018-01-19
26.17.SG,PVI INSURANCE SOUTH COMPANY,PVIS,2017-01-16 00:00:00.000,26.17.SG.TS1,2017-07-12 00:00:00.000,2017-07-14
27.17.SG,BAO MINH BEN THANH,BMBT,2017-01-16 00:00:00.000,27.17.SG.TS1,2017-02-21 00:00:00.000,2017-06-23
29.17.SG,PVI INSURANCE CORPORATION - SAI GON BRANCH,PVI SG,2017-01-17 00:00:00.000,29.17.SG.TS1,2017-02-24 00:00:00.000,2017-04-20
30.17.SG,LIBERTY INSURANCE LIMITED,LIBERTY,2017-01-19 00:00:00.000,30.17.SG.TS1,2018-06-11 00:00:00.000,2018-06-25
31.17.SG,BAO MINH BEN THANH,BMBT,2017-01-20 00:00:00.000,31.17.SG.TS1,2017-07-10 00:00:00.000,2017-11-02
16.17.HN,FM GLOBAL,FMG,2017-01-20 00:00:00.000,16.17.HN.TS1,2017-03-09 00:00:00.000,2017-06-14
32.17.SG,BAO MINH BEN THANH,BMBT,2017-01-30 00:00:00.000,32.17.SG.TS1,2017-11-03 00:00:00.000,2017-11-03
33.17.SG,BAO MINH INSURANCE CORP.,BAOMINH,2017-02-03 00:00:00.000,33.17.SG.TS1,2018-07-23 00:00:00.000,2018-09-10
17.17.HN,PVI INSURANCE CORPORATION - HANOI BRANCH,PVI HN,2017-02-06 00:00:00.000,17.17.HN.TS1,2017-07-21 00:00:00.000,2017-09-08
34.17.SG,BAO MINH BEN THANH,BMBT,2017-02-07 00:00:00.000,34.17.SG.TS1,2018-05-18 00:00:00.000,2018-07-16
35.17.SG,BAO LONG INSURANCE CORPORATION,BAOLONG,2017-02-07 00:00:00.000,35.17.SG.TS1,NULL,NULL
36.17.SG,BAO MINH INSURANCE CORP.,BAOMINH,2017-02-08 00:00:00.000,36.17.SG.TS1,2017-12-12 00:00:00.000,2018-01-04
18.17.HN,BAO MINH BEN THANH,BMBT,2017-02-14 00:00:00.000,18.17.HN.TS1,2017-03-20 00:00:00.000,2017-06-23
37.17.SG,MAPHILINDO INTERNATIONAL SDN BHD,MAPHI,2017-02-17 00:00:00.000,37.17.SG.TS1,2017-08-20 00:00:00.000,2017-09-06
19.17.HN,GLOBAL INSURANCE CORPORATION,GIC,2017-02-20 00:00:00.000,19.17.HN.TS1,2017-03-23 00:00:00.000,2017-04-05
38.17.SG,BAO MINH BEN THANH,BMBT,2017-02-20 00:00:00.000,38.17.SG.TS1,2018-09-25 00:00:00.000,2018-10-15
39.17.SG,AGRICULTURE BANK INSURANCE JOINT – STOCK CORPORATION,ABIC,2017-02-23 00:00:00.000,39.17.SG.TS1,2017-06-17 00:00:00.000,2017-07-21
41.17.SG,Crawford,Crawford,2017-03-03 00:00:00.000,41.17.SG.TS1,NULL,NULL
40.17.SG,PVI INSURANCE SOUTH COMPANY,PVIS,2017-03-13 00:00:00.000,40.17.SG.TS1,2018-06-04 00:00:00.000,2018-07-11
20.17.HN,UNITED INSURANCE COMPANY OF VIETNAM,UIC,2017-03-13 00:00:00.000,20.17.HN.TS1,2017-06-05 00:00:00.000,2017-06-26
21.17.HN,PVI INSURANCE CORPORATION - BAC SONG HONG BRANCH,PVIBSH,2017-03-17 00:00:00.000,21.17.HN.TS1,2017-04-12 00:00:00.000,2019-03-28
42.17.SG,BAO MINH BEN THANH,BMBT,2017-03-22 00:00:00.000,42.17.SG.TS1,NULL,NULL
43.17.SG,BAO LONG INSURANCE CORPORATION,BAOLONG,2017-03-24 00:00:00.000,43.17.SG.TS1,NULL,NULL
22.17.HN,GLOBAL INSURANCE CORPORATION,GIC,2017-03-24 00:00:00.000,22.17.HN.TS1,2017-08-18 00:00:00.000,2017-09-12
44.17.SG,BAO MINH BEN THANH,BMBT,2017-03-25 00:00:00.000,44.17.SG.TS1,2018-04-27 00:00:00.000,2018-05-22
45.17.SG,UNITED INSURANCE COMPANY OF VIETNAM - HCM BRANCH,UICHCM,2017-03-27 00:00:00.000,45.17.SG.TS1,2017-12-06 00:00:00.000,2018-01-18
23.17.HN,PVI THANG LONG,PVI TL,2017-03-27 00:00:00.000,23.17.HN.TS1,2017-04-24 00:00:00.000,2017-06-19
22.17.SG,BAO MINH INSURANCE CORP.,BAOMINH,2017-03-27 00:00:00.000,22.17.SG.TS1,2017-05-15 00:00:00.000,2018-02-05
46.17.SG,BAO MINH BEN THANH,BMBT,2017-03-28 00:00:00.000,46.17.SG.TS1,2017-10-09 00:00:00.000,2017-11-02
24.17.HN,PETROLIMEX INSURANCE CORPORATION,PJICO,2017-03-29 00:00:00.000,24.17.HN.TS1,2017-08-11 00:00:00.000,2017-08-28
47.17.SG,PVI INSURANCE CORPORATION - GIA DINH BRANCH,PVIGD,2017-03-29 00:00:00.000,47.17.SG.TS1,2017-04-26 00:00:00.000,2017-04-28
48.17.SG,FUBON INSURANCE VIETNAM COMPANY LIMITED,FUBON,2017-03-29 00:00:00.000,48.17.SG.TS1,2017-11-22 00:00:00.000,2017-12-06
49.17.SG,PETROLIMEX INSURANCE CORPORATION,PJICO,2017-03-30 00:00:00.000,49.17.SG.TS1,2018-10-17 00:00:00.000,NULL
25.17.HN,PVI THANG LONG,PVI TL,2017-03-31 00:00:00.000,25.17.HN.TS1,2017-06-12 00:00:00.000,2017-06-19
50.17.SG,BAO LONG INSURANCE CORPORATION,BAOLONG,2017-04-03 00:00:00.000,50.17.SG.TS1,NULL,NULL
52.17.SG,PVI INSURANCE CORPORATION - GIA DINH BRANCH,PVIGD,2017-04-03 00:00:00.000,52.17.SG.TS1,2017-05-10 00:00:00.000,2017-08-08
53.17.SG,BAO VIET INSURANCE CORPORATION - HO CHI MINH BRANCH,BVHCM,2017-04-05 00:00:00.000,53.17.SG.TS1,2017-09-21 00:00:00.000,2017-10-09
54.17.SG,BAO MINH BEN THANH,BMBT,2017-04-05 00:00:00.000,54.17.SG.TS1,2017-06-12 00:00:00.000,2017-06-23
55.17.SG,BAO MINH BEN THANH,BMBT,2017-04-05 00:00:00.000,55.17.SG.TS1,2017-06-29 00:00:00.000,2017-08-15
56.17.SG,BAO MINH BEN THANH,BMBT,2017-04-05 00:00:00.000,56.17.SG.TS1,2017-06-29 00:00:00.000,2017-10-20
57.17.SG,UNITED INSURANCE COMPANY OF VIETNAM,UIC,2017-04-08 00:00:00.000,57.17.SG.TS1,2018-11-13 00:00:00.000,NULL
57.17.SG,UNITED INSURANCE COMPANY OF VIETNAM,UIC,2017-04-08 00:00:00.000,57.17.SG.TS2,NULL,NULL
26.17.HN,BAO VIET TOKIO MARINE HANOI BRANCH,BVTM HN,2017-04-13 00:00:00.000,26.17.HN.TS1,2017-11-16 00:00:00.000,2017-11-17
27.17.HN,BAO VIET TOKIO MARINE HANOI BRANCH,BVTM HN,2017-04-13 00:00:00.000,27.17.HN.TS1,NULL,NULL
58.17.SG,UNITED INSURANCE COMPANY OF VIETNAM - HCM BRANCH,UICHCM,2017-04-18 00:00:00.000,58.17.SG.TS1,2017-09-26 00:00:00.000,2017-10-10
59.17.SG,PETROLIMEX J.S INSURANCE COMPANY - BEN THANH BRANCH,PJICO BT,2017-04-18 00:00:00.000,59.17.SG.TS1,2017-09-21 00:00:00.000,NULL
60.17.SG,UNITED INSURANCE COMPANY OF VIETNAM - HCM BRANCH,UICHCM,2017-04-18 00:00:00.000,60.17.SG.TS1,2017-09-26 00:00:00.000,2017-10-10
61.17.SG,BAO VIET INSURANCE CORP. - DONG NAI BRANCH,BVDN,2017-04-19 00:00:00.000,61.17.SG.TS1,2018-01-23 00:00:00.000,2018-03-13
62.17.SG,PETROLIMEX INSURANCE CORPORATION,PJICO,2017-04-20 00:00:00.000,62.17.SG.TS1,2018-06-30 00:00:00.000,NULL
62.17.SG,PETROLIMEX INSURANCE CORPORATION,PJICO,2017-04-20 00:00:00.000,62.17.SG.TS2,NULL,NULL
28.17.HN,BAO VIET TOKIO MARINE HANOI BRANCH,BVTM HN,2017-04-21 00:00:00.000,28.17.HN.TS1,2017-07-31 00:00:00.000,2017-08-15
30.17.HN,AGRICULTURE BANK INSURANCE JOINT – STOCK CORPORATION,ABIC,2017-04-25 00:00:00.000,30.17.HN.TS1,2017-11-16 00:00:00.000,2018-08-30
63.17.SG,POST TELECOMUNICATION INSURANCE - SAI GON BRANCH,PTI SG,2017-04-27 00:00:00.000,63.17.SG.TS1,2018-07-04 00:00:00.000,2018-07-05
29.17.HN,PVI THANG LONG,PVI TL,2017-04-27 00:00:00.000,29.17.HN.TS1,2017-06-05 00:00:00.000,2017-06-19
64.17.SG,POST TELECOMUNICATION INSURANCE,PTI,2017-04-28 00:00:00.000,64.17.SG.TS1,2017-06-20 00:00:00.000,NULL
24.17.SG,PVI THANG LONG,PVI TL,2017-04-28 00:00:00.000,24.17.SG.TS1,2017-08-01 00:00:00.000,2017-08-15
65.17.SG,BAO MINH INSURANCE CORP.,BAOMINH,2017-04-29 00:00:00.000,65.17.SG.TS1,2018-03-26 00:00:00.000,2018-04-11
66.17.SG,BAO VIET INSURANCE CORPORATION - HO CHI MINH BRANCH,BVHCM,2017-05-04 00:00:00.000,66.17.SG.TS1,2017-12-22 00:00:00.000,2018-07-06
32.17.HN,POST TELECOMUNICATION INSURANCE,PTI,2017-05-06 00:00:00.000,32.17.HN.TS1,2018-06-06 00:00:00.000,2018-07-05
31.17.HN,PETROLIMEX INSURANCE CORPORATION,PJICO,2017-05-08 00:00:00.000,31.17.HN.TS1,2018-04-18 00:00:00.000,NULL
67.17.SG,LIBERTY INSURANCE LIMITED,LIBERTY,2017-05-09 00:00:00.000,67.17.SG.TS1,2018-06-25 00:00:00.000,2018-06-25
68.17.SG,UNITED INSURANCE COMPANY OF VIETNAM,UIC,2017-05-09 00:00:00.000,68.17.SG.TS1,2018-07-31 00:00:00.000,NULL
69.17.SG,BAO VIET INSURANCE CORP.,BHBV,2017-05-10 00:00:00.000,69.17.SG.TS1,2018-06-11 00:00:00.000,2018-09-04
70.17.SG,PVI INSURANCE SOUTH COMPANY,PVIS,2017-05-10 00:00:00.000,70.17.SG.TS1,2017-06-29 00:00:00.000,2017-06-29
33.17.HN,GLOBAL INSURANCE CORPORATION,GIC,2017-05-10 00:00:00.000,33.17.HN.TS1,2017-05-26 00:00:00.000,2017-05-30
71.17.SG,AGRICULTURE BANK INSURANCE JOINT – STOCK CORPORATION,ABIC,2017-05-10 00:00:00.000,71.17.SG.TS1,NULL,NULL
34.17.HN,UNITED INSURANCE COMPANY OF VIETNAM,UIC,2017-05-10 00:00:00.000,34.17.HN.TS1,2017-05-29 00:00:00.000,2017-05-29
72.17.SG,BAO MINH BEN THANH,BMBT,2017-05-11 00:00:00.000,72.17.SG.TS1,2017-06-14 00:00:00.000,2017-06-23
35.17.HN,BAO MINH BEN THANH,BMBT,2017-05-15 00:00:00.000,35.17.HN.TS1,2018-02-01 00:00:00.000,2018-03-05
36.17.HN,GLOBAL INSURANCE CORPORATION,GIC,2017-05-17 00:00:00.000,36.17.HN.TS1,2017-06-02 00:00:00.000,2017-06-07
73.17.SG,PVI INSURANCE SOUTH COMPANY,PVIS,2017-05-18 00:00:00.000,73.17.SG.TS1,2017-08-07 00:00:00.000,2017-08-07
37.17.HN,UNITED INSURANCE COMPANY OF VIETNAM,UIC,2017-05-18 00:00:00.000,37.17.HN.TS1,2017-07-04 00:00:00.000,2017-07-07
38.17.HN,BAO MINH BEN THANH,BMBT,2017-05-19 00:00:00.000,38.17.HN.TS1,2017-07-10 00:00:00.000,2017-10-31
39.17.HN,BAO MINH BEN THANH,BMBT,2017-05-19 00:00:00.000,39.17.HN.TS1,2017-10-04 00:00:00.000,2017-10-20
40.17.HN,MILITARY INSURANCE CORPORATION,MIC,2017-05-19 00:00:00.000,40.17.HN.TS1,2018-05-14 00:00:00.000,2018-12-24
74.17.SG,BAO MINH INSURANCE CORP.,BAOMINH,2017-05-21 00:00:00.000,74.17.SG.TS1,2018-09-18 00:00:00.000,2018-10-15
75.17.SG,BIDV INSURANCE CORPORATION,BIC,2017-05-22 00:00:00.000,75.17.SG.TS1,2017-12-21 00:00:00.000,NULL
75.17.SG,BIDV INSURANCE CORPORATION,BIC,2017-05-22 00:00:00.000,75.17.SG.TS4,NULL,NULL
75.17.SG,BIDV INSURANCE CORPORATION,BIC,2017-05-22 00:00:00.000,75.17.SG.TS3,2018-08-23 00:00:00.000,NULL
75.17.SG,BIDV INSURANCE CORPORATION,BIC,2017-05-22 00:00:00.000,75.17.SG.TS2,2018-03-12 00:00:00.000,NULL
76.17.SG,UNITED INSURANCE COMPANY OF VIETNAM - HCM BRANCH,UICHCM,2017-05-24 00:00:00.000,76.17.SG.TS1,2017-08-18 00:00:00.000,2017-08-23
84.17.SG,UNITED INSURANCE COMPANY OF VIETNAM - HCM BRANCH,UICHCM,2017-05-24 00:00:00.000,84.17.SG.TS1,NULL,NULL
78.17.SG,GLOBAL INSURANCE CORPORATION,GIC,2017-05-25 00:00:00.000,78.17.SG.TS1,NULL,NULL
79.17.SG,POST TELECOMUNICATION INSURANCE - SAI GON BRANCH,PTI SG,2017-05-25 00:00:00.000,79.17.SG.TS1,2018-06-14 00:00:00.000,2018-07-02
41.17.HN,UNITED INSURANCE COMPANY OF VIETNAM,UIC,2017-05-26 00:00:00.000,41.17.HN.TS1,2018-06-13 00:00:00.000,2018-06-15
42.17.HN,AGRICULTURE BANK INSURANCE JOINT – STOCK CORPORATION,ABIC,2017-05-26 00:00:00.000,42.17.HN.TS1,2018-01-13 00:00:00.000,2018-12-25
80.17.SG,UNITED INSURANCE COMPANY OF VIETNAM,UIC,2017-05-29 00:00:00.000,80.17.SG.TS1,2018-06-22 00:00:00.000,NULL
43.17.HN,AGRICULTURE BANK INSURANCE JOINT – STOCK CORPORATION,ABIC,2017-05-29 00:00:00.000,43.17.HN.TS1,2017-06-13 00:00:00.000,2017-07-20
44.17.HN,BIDV INSURANCE CORPORATION,BIC,2017-05-30 00:00:00.000,44.17.HN.TS1,2017-06-12 00:00:00.000,2017-06-13
81.17.SG,UNITED INSURANCE COMPANY OF VIETNAM,UIC,2017-05-31 00:00:00.000,81.17.SG.TS1,2018-06-26 00:00:00.000,NULL
82.17.SG,UNITED INSURANCE COMPANY OF VIETNAM - HCM BRANCH,UICHCM,2017-05-31 00:00:00.000,82.17.SG.TS1,2018-04-06 00:00:00.000,2018-04-06
83.17.SG,PVI INSURANCE SOUTH COMPANY,PVIS,2017-05-31 00:00:00.000,83.17.SG.TS1,NULL,NULL
85.17.SG,PVI INSURANCE CORPORATION - SAI GON BRANCH,PVI SG,2017-06-02 00:00:00.000,85.17.SG.TS1,2018-04-12 00:00:00.000,2018-05-15
86.17.SG,BAO VIET INSURANCE CORP.,BHBV,2017-06-02 00:00:00.000,86.17.SG.TS1,2018-05-08 00:00:00.000,NULL
77.17.SG,BAO MINH INSURANCE CORP.,BAOMINH,2017-06-02 00:00:00.000,77.17.SG.TS1,2018-05-11 00:00:00.000,2018-07-03
45.17.HN,BAO VIET TOKIO MARINE HANOI BRANCH,BVTM HN,2017-06-03 00:00:00.000,45.17.HN.TS1,2018-02-02 00:00:00.000,2018-02-27
46.17.HN,PETROLIMEX INSURANCE CORPORATION,PJICO,2017-06-03 00:00:00.000,46.17.HN.TS1,2017-10-26 00:00:00.000,2017-12-20
53.17.HN,UNITED INSURANCE COMPANY OF VIETNAM,UIC,2017-06-05 00:00:00.000,53.17.HN.TS1,2018-01-12 00:00:00.000,2018-01-15
87.17.SG,BIDV INSURANCE CORPORATION,BIC,2017-06-06 00:00:00.000,87.17.SG.TS1,2017-09-14 00:00:00.000,2017-10-16
47.17.HN,AGRICULTURE BANK INSURANCE JOINT – STOCK CORPORATION,ABIC,2017-06-07 00:00:00.000,47.17.HN.TS1,2018-01-30 00:00:00.000,2018-06-19
88.17.SG,BAO LONG INSURANCE CORPORATION,BAOLONG,2017-06-08 00:00:00.000,88.17.SG.TS1,2017-06-16 00:00:00.000,2017-06-20
89.17.SG,PVI BEN THANH,PVI BT,2017-06-13 00:00:00.000,89.17.SG.TS1,2018-09-17 00:00:00.000,2018-10-17
49.17.HN,PETROLIMEX INSURANCE CORPORATION,PJICO,2017-06-13 00:00:00.000,49.17.HN.TS1,2018-05-04 00:00:00.000,2018-05-28
90.17.SG,BAO VIET INSURANCE CORP. - SAI GON BRANCH,BVSG,2017-06-13 00:00:00.000,90.17.SG.TS1,2018-01-18 00:00:00.000,2018-01-25
48.17.HN,PVI INSURANCE CORPORATION - DONG DO BRANCH,PVI DD,2017-06-13 00:00:00.000,48.17.HN.TS1,2018-06-28 00:00:00.000,NULL
50.17.HN,AGRICULTURE BANK INSURANCE JOINT – STOCK CORPORATION,ABIC,2017-06-15 00:00:00.000,50.17.HN.TS1,NULL,NULL
51.17.HN,BAO MINH INSURANCE CORP.,BAOMINH,2017-06-15 00:00:00.000,51.17.HN.TS1,2018-12-28 00:00:00.000,2019-03-14
52.17.HN,PETROLIMEX INSURANCE CORPORATION,PJICO,2017-06-19 00:00:00.000,52.17.HN.TS1,NULL,NULL
91.17.SG,PTI INSURANCE - PTI PHU MY HUNG COMPANY,PTI PMH,2017-06-19 00:00:00.000,91.17.SG.TS1,2017-06-20 00:00:00.000,2017-07-04
54.17.HN,BAO MINH BEN THANH,BMBT,2017-06-19 00:00:00.000,54.17.HN.TS1,2017-07-31 00:00:00.000,2017-08-04
55.17.HN,UNITED INSURANCE COMPANY OF VIETNAM,UIC,2017-06-19 00:00:00.000,55.17.HN.TS1,2018-01-12 00:00:00.000,2018-01-15
92.17.SG,BIDV INSURANCE CORPORATION,BIC,2017-06-19 00:00:00.000,92.17.SG.TS1,2018-06-30 00:00:00.000,2018-07-18
56.17.HN,PVI INSURANCE CORPORATION,PVI,2017-06-22 00:00:00.000,56.17.HN.TS1,2018-05-09 00:00:00.000,NULL
93.17.SG,AGRICULTURE BANK INSURANCE JOINT – STOCK CORPORATION,ABIC,2017-06-22 00:00:00.000,93.17.SG.TS1,2017-08-30 00:00:00.000,2017-10-19
94.17.SG,BAO MINH INSURANCE CORP.,BAOMINH,2017-06-23 00:00:00.000,94.17.SG.TS1,NULL,NULL
57.17.HN,AGRICULTURE BANK INSURANCE JOINT – STOCK CORPORATION,ABIC,2017-06-23 00:00:00.000,57.17.HN.TS1,2017-09-14 00:00:00.000,2017-10-09
95.17.SG,GLOBAL INSURANCE CORPORATION,GIC,2017-06-25 00:00:00.000,95.17.SG.TS1,NULL,NULL
96.17.SG,PVI INSURANCE CORPORATION - GIA DINH BRANCH,PVIGD,2017-06-26 00:00:00.000,96.17.SG.TS1,2018-09-17 00:00:00.000,2018-11-14
58.17.HN,MILITARY INSURANCE CORPORATION,MIC,2017-06-27 00:00:00.000,58.17.HN.TS1,NULL,NULL
60.17.HN,PVI INSURANCE CORPORATION - DONG DO BRANCH,PVI DD,2017-06-27 00:00:00.000,60.17.HN.TS1,2018-06-15 00:00:00.000,2018-07-17
97.17.SG,BAO MINH BEN THANH,BMBT,2017-06-28 00:00:00.000,97.17.SG.TS1,NULL,NULL
98.17.SG,UNITED INSURANCE COMPANY OF VIETNAM - HCM BRANCH,UICHCM,2017-06-28 00:00:00.000,98.17.SG.TS1,2017-07-26 00:00:00.000,2017-07-28
99.17.SG,BAO LONG INSURANCE CORPORATION,BAOLONG,2017-06-28 00:00:00.000,99.17.SG.TS1,2018-05-15 00:00:00.000,2018-05-22
61.17.HN,AGRICULTURE BANK INSURANCE JOINT – STOCK CORPORATION,ABIC,2017-06-29 00:00:00.000,61.17.HN.TS1,2017-12-12 00:00:00.000,2017-12-18
100.17.SG,BIDV INSURANCE CORP. - HO CHI MINH BRANCH,BIC HCM,2017-06-30 00:00:00.000,100.17.SG.TS1,NULL,NULL
59.17.HN,GLOBAL INSURANCE CORPORATION,GIC,2017-06-30 00:00:00.000,59.17.HN.TS1,2018-06-29 00:00:00.000,2018-08-16
101.17.SG,POST TELECOMUNICATION INSURANCE - SAI GON BRANCH,PTI SG,2017-07-01 00:00:00.000,101.17.SG.TS1,2018-01-05 00:00:00.000,2018-02-06
102.17.SG,PVI INSURANCE SOUTH COMPANY,PVIS,2017-07-02 00:00:00.000,102.17.SG.TS1,2018-02-03 00:00:00.000,2018-02-05
103.17.SG,BAO MINH BEN THANH,BMBT,2017-07-03 00:00:00.000,103.17.SG.TS1,2018-12-27 00:00:00.000,NULL
62.17.HN,BAO MINH BEN THANH,BMBT,2017-07-04 00:00:00.000,62.17.HN.TS1,2017-08-10 00:00:00.000,2017-08-15
104.17.SG,BAO MINH INSURANCE CORP.,BAOMINH,2017-07-04 00:00:00.000,104.17.SG.TS1,2018-11-29 00:00:00.000,NULL
105.17.SG,BAO VIET INSURANCE CORP. - SAI GON BRANCH,BVSG,2017-07-05 00:00:00.000,105.17.SG.TS1,2018-02-09 00:00:00.000,2018-04-23
106.17.SG,FUBON INSURANCE VIETNAM COMPANY LIMITED,FUBON,2017-07-06 00:00:00.000,106.17.SG.TS1,2017-07-07 00:00:00.000,NULL
107.17.SG,BAO VIET INSURANCE CORP.,BHBV,2017-07-06 00:00:00.000,107.17.SG.TS1,2017-11-20 00:00:00.000,2018-01-24
63.17.HN,BAO VIET TOKIO MARINE HANOI BRANCH,BVTM HN,2017-07-08 00:00:00.000,63.17.HN.TS1,2017-10-02 00:00:00.000,2017-10-02
108.17.SG,PVI INSURANCE CORPORATION,PVI,2017-07-14 00:00:00.000,108.17.SG.TS1,NULL,NULL
64.17.HN,BAO MINH BEN THANH,BMBT,2017-07-14 00:00:00.000,64.17.HN.TS1,2017-10-09 00:00:00.000,2017-11-02
109.17.SG,BIDV INSURANCE CORPORATION,BIC,2017-07-17 00:00:00.000,109.17.SG.TS1,2018-12-21 00:00:00.000,NULL
110.17.SG,POST TELECOMUNICATION INSURANCE - HCM BRANCH,NULL,2017-07-17 00:00:00.000,110.17.SG.TS1,2017-08-17 00:00:00.000,2018-01-02
111.17.SG,PVI INSURANCE CORPORATION - GIA DINH BRANCH,PVIGD,2017-07-17 00:00:00.000,111.17.SG.TS1,2018-01-15 00:00:00.000,2018-03-28
65.17.HN,VIETINBANK INSURANCE COMPANY,VIETINSCO,2017-07-17 00:00:00.000,65.17.HN.TS1,NULL,NULL
109.17.SG,BIDV INSURANCE CORPORATION,BIC,2017-07-17 00:00:00.000,109.17.SG.TS2,NULL,NULL
66.17.HN,PVI INSURANCE CORPORATION - GIA DINH BRANCH,PVIGD,2017-07-18 00:00:00.000,66.17.HN.TS1,2019-03-18 00:00:00.000,2019-05-20
112.17.SG,PVI INSURANCE SOUTH COMPANY,PVIS,2017-07-18 00:00:00.000,112.17.SG.TS1,2017-08-07 00:00:00.000,2017-08-07
67.17.HN,FUBON INSURANCE VIETNAM COMPANY LIMITED,FUBON,2017-07-19 00:00:00.000,67.17.HN.TS1,2017-11-20 00:00:00.000,2017-12-06
113.17.SG,BIDV INSURANCE CORPORATION,BIC,2017-07-19 00:00:00.000,113.17.SG.TS1,2017-08-17 00:00:00.000,2017-08-21
108.16.HN,PVI INSURANCE CORPORATION - HANOI BRANCH,PVI HN,2017-07-19 00:00:00.000,108.16.HN.TS1,2017-08-01 00:00:00.000,2017-10-25
114.17.SG,PETROLIMEX INSURANCE CORPORATION,PJICO,2017-07-23 00:00:00.000,114.17.SG.TS1,2019-03-22 00:00:00.000,NULL
68.17.HN,BAO MINH BEN THANH,BMBT,2017-07-27 00:00:00.000,68.17.HN.TS1,2017-10-04 00:00:00.000,2017-10-20
69.17.HN,BAO MINH BEN THANH,BMBT,2017-07-27 00:00:00.000,69.17.HN.TS1,2017-10-28 00:00:00.000,2017-10-30
119.17.SG,BAO VIET TOKIO MARINE HANOI BRANCH,BVTM HN,2017-07-29 00:00:00.000,119.17.SG.TS1,2019-03-18 00:00:00.000,2019-03-26
115.17.SG,BAO MINH INSURANCE CORP.,BAOMINH,2017-07-30 00:00:00.000,115.17.SG.TS1,2017-10-11 00:00:00.000,2017-10-17
116.17.SG,GLOBAL INSURANCE CORPORATION,GIC,2017-07-31 00:00:00.000,116.17.SG.TS1,2018-01-04 00:00:00.000,2018-03-09
70.17.HN,PVI INSURANCE CORPORATION - BAC SONG HONG BRANCH,PVIBSH,2017-08-01 00:00:00.000,70.17.HN.TS1,2018-10-26 00:00:00.000,NULL
117.17.SG,FM GLOBAL,FMG,2017-08-01 00:00:00.000,117.17.SG.TS1,2017-08-25 00:00:00.000,NULL
118.17.SG,UNITED INSURANCE COMPANY OF VIETNAM - HCM BRANCH,UICHCM,2017-08-01 00:00:00.000,118.17.SG.TS1,2018-09-24 00:00:00.000,2018-10-01
120.17.SG,BAO MINH INSURANCE CORP.,BAOMINH,2017-08-02 00:00:00.000,120.17.SG.TS1,NULL,NULL
71.17.HN,UNITED INSURANCE COMPANY OF VIETNAM,UIC,2017-08-02 00:00:00.000,71.17.HN.TS1,2017-11-25 00:00:00.000,2018-02-02
72.17.HN,GLOBAL INSURANCE CORPORATION,GIC,2017-08-02 00:00:00.000,72.17.HN.TS1,NULL,NULL
73.17.HN,FUBON INSURANCE VIETNAM COMPANY LIMITED,FUBON,2017-08-03 00:00:00.000,73.17.HN.TS1,2017-11-27 00:00:00.000,2017-12-06
74.17.HN,UNITED INSURANCE COMPANY OF VIETNAM,UIC,2017-08-05 00:00:00.000,74.17.HN.TS1,NULL,NULL
75.17.HN,BAO VIET TOKIO MARINE HANOI BRANCH,BVTM HN,2017-08-11 00:00:00.000,75.17.HN.TS1,2017-11-29 00:00:00.000,2017-12-05
76.17.HN,POST TELECOMUNICATION INSURANCE,PTI,2017-08-12 00:00:00.000,76.17.HN.TS1,2018-03-01 00:00:00.000,2018-03-26
121.17.SG,PETROLIMEX INSURANCE CORPORATION,PJICO,2017-08-14 00:00:00.000,121.17.SG.TS1,2018-07-13 00:00:00.000,2018-09-12
77.17.HN,BAO MINH BEN THANH,BMBT,2017-08-16 00:00:00.000,77.17.HN.TS1,2017-10-18 00:00:00.000,2017-10-20
78.17.HN,BAO MINH BEN THANH,BMBT,2017-08-16 00:00:00.000,78.17.HN.TS1,2017-10-24 00:00:00.000,2017-10-31
79.17.HN,PETROLIMEX INSURANCE CORPORATION,PJICO,2017-08-17 00:00:00.000,79.17.HN.TS1,2018-02-07 00:00:00.000,2018-04-11
80.17.HN,BIDV INSURANCE CORPORATION,BIC,2017-08-17 00:00:00.000,80.17.HN.TS1,2018-07-27 00:00:00.000,2018-08-06
122.17.SG,PVI INSURANCE CORPORATION,PVI,2017-08-21 00:00:00.000,122.17.SG.TS1,2017-11-29 00:00:00.000,2018-01-30
123.17.SG,AGRICULTURE BANK INSURANCE JOINT – STOCK CORPORATION,ABIC,2017-08-22 00:00:00.000,123.17.SG.TS1,2018-10-31 00:00:00.000,2018-11-16
81.17.HN,GLOBAL INSURANCE CORPORATION,GIC,2017-08-24 00:00:00.000,81.17.HN.TS1,NULL,NULL
124.17.SG,AGRICULTURE BANK INSURANCE JOINT – STOCK CORPORATION,ABIC,2017-08-25 00:00:00.000,124.17.SG.TS1,2018-12-07 00:00:00.000,NULL
125.17.SG,BAO MINH BEN THANH,BMBT,2017-08-25 00:00:00.000,125.17.SG.TS1,2019-01-07 00:00:00.000,2019-03-21
124.17.SG,AGRICULTURE BANK INSURANCE JOINT – STOCK CORPORATION,ABIC,2017-08-25 00:00:00.000,124.17.SG.TS2,NULL,NULL
82.17.HN,LIBERTY INSURANCE LIMITED,LIBERTY,2017-08-28 00:00:00.000,82.17.HN.TS2,NULL,NULL
126.17.SG,BAO MINH INSURANCE CORP.,BAOMINH,2017-08-28 00:00:00.000,126.17.SG.TS1,2018-08-08 00:00:00.000,2018-11-06
82.17.HN,LIBERTY INSURANCE LIMITED,LIBERTY,2017-08-28 00:00:00.000,82.17.HN.TS1,2018-06-13 00:00:00.000,2018-06-25
83.17.HN,BAO MINH BEN THANH,BMBT,2017-08-28 00:00:00.000,83.17.HN.TS1,2018-03-13 00:00:00.000,2018-03-15
84.17.HN,BAO MINH BEN THANH,BMBT,2017-08-29 00:00:00.000,84.17.HN.TS1,2017-10-29 00:00:00.000,2017-10-30
85.17.HN,PETROLIMEX INSURANCE CORPORATION,PJICO,2017-09-05 00:00:00.000,85.17.HN.TS1,2018-01-20 00:00:00.000,NULL
127.17.SG,POST TELECOMUNICATION INSURANCE - SAI GON BRANCH,PTI SG,2017-09-07 00:00:00.000,127.17.SG.TS1,2018-06-08 00:00:00.000,2018-06-11
86.17.HN,AGRICULTURE BANK INSURANCE JOINT – STOCK CORPORATION,ABIC,2017-09-08 00:00:00.000,86.17.HN.TS1,2017-12-16 00:00:00.000,2017-12-18
128.17.SG,BAO MINH CHO LON,BMCL,2017-09-10 00:00:00.000,128.17.SG.TS1,2018-04-06 00:00:00.000,NULL
129.17.SG,BAO MINH INSURANCE CORP.,BAOMINH,2017-09-11 00:00:00.000,129.17.SG.TS1,2018-04-10 00:00:00.000,2018-05-15
87.17.HN,VIETINBANK INSURANCE COMPANY,VIETINSCO,2017-09-11 00:00:00.000,87.17.HN.TS1,2018-06-18 00:00:00.000,NULL
89.17.HN,PVI INSURANCE CORPORATION - HANOI BRANCH,PVI HN,2017-09-11 00:00:00.000,89.17.HN.TS1,2017-09-12 00:00:00.000,2017-11-09
90.17.HN,AGRICULTURE BANK INSURANCE JOINT – STOCK CORPORATION - HN BRANCH,ABIC HN,2017-09-12 00:00:00.000,90.17.HN.TS1,NULL,NULL
88.17.HN,PETROLIMEX INSURANCE CORPORATION,PJICO,2017-09-12 00:00:00.000,88.17.HN.TS1,2018-06-12 00:00:00.000,NULL
91.17.HN,UNITED INSURANCE COMPANY OF VIETNAM,UIC,2017-09-14 00:00:00.000,91.17.HN.TS1,2018-06-18 00:00:00.000,2018-06-19
130.17.SG,BAO MINH BEN THANH,BMBT,2017-09-14 00:00:00.000,130.17.SG.TS1,2018-07-25 00:00:00.000,2018-08-07
131.17.SG,UNITED INSURANCE COMPANY OF VIETNAM,UIC,2017-09-14 00:00:00.000,131.17.SG.TS1,2018-02-02 00:00:00.000,2018-02-05
134.17.SG,FUBON INSURANCE VIETNAM COMPANY LIMITED,FUBON,2017-09-14 00:00:00.000,134.17.SG.TS1,2018-07-10 00:00:00.000,2018-09-13
132.17.SG,PETROLIMEX INSURANCE CORPORATION,PJICO,2017-09-15 00:00:00.000,132.17.SG.TS1,NULL,NULL
92.17.HN,VIETINBANK INSURANCE COMPANY,VIETINSCO,2017-09-15 00:00:00.000,92.17.HN.TS1,2019-01-28 00:00:00.000,NULL
133.17.SG,SAI GON - HA NOI INSURANCE CORPORATION,BSH,2017-09-16 00:00:00.000,133.17.SG.TS1,2017-12-14 00:00:00.000,2018-01-11
93.17.HN,POST TELECOMUNICATION INSURANCE,PTI,2017-09-16 00:00:00.000,93.17.HN.TS1,2019-04-03 00:00:00.000,NULL
94.17.HN,MILITARY INSURANCE CORPORATION,MIC,2017-09-17 00:00:00.000,94.17.HN.TS1,2018-09-11 00:00:00.000,2018-10-11
95.17.HN,BAO VIET TOKIO MARINE HANOI BRANCH,BVTM HN,2017-09-18 00:00:00.000,95.17.HN.TS1,2017-11-27 00:00:00.000,2017-12-15
96.17.HN,BAO MINH INSURANCE CORP.,BAOMINH,2017-09-18 00:00:00.000,96.17.HN.TS1,2018-05-28 00:00:00.000,2018-06-14
135.17.SG,PETROLIMEX INSURANCE CORPORATION,PJICO,2017-09-19 00:00:00.000,135.17.SG.TS1,2019-04-22 00:00:00.000,NULL
97.17.HN,GLOBAL INSURANCE CORPORATION,GIC,2017-09-19 00:00:00.000,97.17.HN.TS1,2018-02-07 00:00:00.000,2018-02-07
98.17.HN,AGRICULTURE BANK INSURANCE JOINT – STOCK CORPORATION,ABIC,2017-09-20 00:00:00.000,98.17.HN.TS1,2018-12-19 00:00:00.000,2019-01-28
136.17.SG,VIETINBANK INSURANCE COMPANY,VIETINSCO,2017-09-20 00:00:00.000,136.17.SG.TS1,2017-10-06 00:00:00.000,2017-10-11
137.17.SG,BAO MINH BEN THANH,BMBT,2017-09-20 00:00:00.000,137.17.SG.TS1,2018-07-30 00:00:00.000,2018-09-13
99.17.HN,GLOBAL INSURANCE CORPORATION,GIC,2017-09-20 00:00:00.000,99.17.HN.TS1,2018-05-21 00:00:00.000,2018-05-22
138.17.SG,BAO MINH SAI GON,BMSG,2017-09-21 00:00:00.000,138.17.SG.TS1,2018-09-24 00:00:00.000,2019-01-22
139.17.SG,BAO VIET INSURANCE CORP. - DONG NAI BRANCH,BVDN,2017-09-22 00:00:00.000,139.17.SG.TS1,2017-12-09 00:00:00.000,2017-12-13
100.17.HN,VIETINBANK INSURANCE COMPANY,VIETINSCO,2017-09-23 00:00:00.000,100.17.HN.TS1,2018-11-28 00:00:00.000,2019-01-03
101.17.HN,XUAN THANH INSURANCE JSC,XTI,2017-09-25 00:00:00.000,101.17.HN.TS1,2018-11-15 00:00:00.000,2019-03-22
140.17.SG,BAO MINH BEN THANH,BMBT,2017-09-25 00:00:00.000,140.17.SG.TS1,2018-05-03 00:00:00.000,2018-05-17
101.17.HN,XUAN THANH INSURANCE JSC,XTI,2017-09-25 00:00:00.000,101.17.HN.TS2,NULL,NULL
141.17.SG,BAO LONG INSURANCE CORPORATION,BAOLONG,2017-09-28 00:00:00.000,141.17.SG.TS1,2018-06-15 00:00:00.000,2018-06-22
142.17.SG,BAO LONG INSURANCE CORPORATION,BAOLONG,2017-09-29 00:00:00.000,142.17.SG.TS1,2017-10-23 00:00:00.000,2017-10-23
102.17.HN,VIETINBANK INSURANCE COMPANY,VIETINSCO,2017-10-10 00:00:00.000,102.17.HN.TS1,2018-04-26 00:00:00.000,2018-05-09
143.17.SG,BAO LONG INSURANCE CORPORATION,BAOLONG,2017-10-10 00:00:00.000,143.17.SG.TS1,2018-06-12 00:00:00.000,2018-06-22
103.17.HN,FUBON INSURANCE VIETNAM COMPANY LIMITED,FUBON,2017-10-11 00:00:00.000,103.17.HN.TS1,2018-05-29 00:00:00.000,2018-06-07
104.17.HN,AGRICULTURE BANK INSURANCE JOINT – STOCK CORPORATION - HN BRANCH,ABIC HN,2017-10-11 00:00:00.000,104.17.HN.TS1,2018-09-26 00:00:00.000,NULL
105.17.HN,BAO MINH INSURANCE CORP.,BAOMINH,2017-10-12 00:00:00.000,105.17.HN.TS1,2018-09-19 00:00:00.000,2019-01-07
106.17.HN,BAO VIET TOKIO MARINE HANOI BRANCH,BVTM HN,2017-10-12 00:00:00.000,106.17.HN.TS1,2018-12-27 00:00:00.000,2019-01-03
107.17.HN,BIDV INSURANCE CORP. - HANOI BRANCH,BIC HANOI,2017-10-12 00:00:00.000,107.17.HN.TS1,2017-10-23 00:00:00.000,2017-12-04
144.17.SG,FUBON INSURANCE VIETNAM COMPANY LIMITED,FUBON,2017-10-13 00:00:00.000,144.17.SG.TS1,2017-12-23 00:00:00.000,2018-01-10
145.17.SG,BAO MINH BEN THANH,BMBT,2017-10-13 00:00:00.000,145.17.SG.TS1,2018-08-20 00:00:00.000,2018-09-13
146.17.SG,PETROLIMEX INSURANCE CORPORATION,PJICO,2017-10-13 00:00:00.000,146.17.SG.TS1,2018-01-25 00:00:00.000,NULL
148.17.SG,BIDV INSURANCE CORP. - BEN THANH BRANCH,BIC BT,2017-10-14 00:00:00.000,148.17.SG.TS1,2018-10-24 00:00:00.000,2018-10-30
109.17.HN,AGRICULTURE BANK INSURANCE JOINT – STOCK CORPORATION,ABIC,2017-10-15 00:00:00.000,109.17.HN.TS1,2018-03-27 00:00:00.000,2018-06-19
147.17.SG,BIDV INSURANCE CORP. - HO CHI MINH BRANCH,BIC HCM,2017-10-16 00:00:00.000,147.17.SG.TS1,2017-12-26 00:00:00.000,2017-12-26
149.17.SG,BAO MINH INSURANCE CORP.,BAOMINH,2017-10-17 00:00:00.000,149.17.SG.TS1,2017-12-22 00:00:00.000,2018-12-03
108.17.HN,BIDV INSURANCE CORP. - HANOI BRANCH,BIC HANOI,2017-10-17 00:00:00.000,108.17.HN.TS1,2017-10-19 00:00:00.000,2017-12-01
150.17.SG,BAO VIET INSURANCE CORP. - SAI GON BRANCH,BVSG,2017-10-20 00:00:00.000,150.17.SG.TS1,2018-10-31 00:00:00.000,2018-11-05
110.17.HN,AGRICULTURE BANK INSURANCE JOINT – STOCK CORPORATION,ABIC,2017-10-20 00:00:00.000,110.17.HN.TS1,2019-04-03 00:00:00.000,2019-04-19
151.17.SG,LIBERTY INSURANCE LIMITED,LIBERTY,2017-10-20 00:00:00.000,151.17.SG.TS1,2018-03-12 00:00:00.000,2018-03-12
111.17.HN,UNITED INSURANCE COMPANY OF VIETNAM,UIC,2017-10-20 00:00:00.000,111.17.HN.TS1,2018-03-06 00:00:00.000,2018-03-06
152.17.SG,UNITED INSURANCE COMPANY OF VIETNAM - HCM BRANCH,UICHCM,2017-10-22 00:00:00.000,152.17.SG.TS1,2018-12-04 00:00:00.000,2018-12-05
153.17.SG,BAO MINH CHO LON,BMCL,2017-10-23 00:00:00.000,153.17.SG.TS1,2018-05-14 00:00:00.000,2018-10-01
154.17.SG,BAO VIET INSURANCE CORP. - DONG NAI BRANCH,BVDN,2017-10-25 00:00:00.000,154.17.SG.TS1,2017-12-27 00:00:00.000,2018-01-11
155.17.SG,BAO MINH BEN THANH,BMBT,2017-10-25 00:00:00.000,155.17.SG.TS1,2017-12-22 00:00:00.000,2018-01-08
113.17.HN,MILITARY INSURANCE CORPORATION,MIC,2017-10-25 00:00:00.000,113.17.HN.TS1,NULL,NULL
114.17.HN,BAO MINH INSURANCE CORP.,BAOMINH,2017-10-25 00:00:00.000,114.17.HN.TS1,2018-01-08 00:00:00.000,2018-01-29
156.17.SG,BAO MINH INSURANCE CORP.,BAOMINH,2017-10-26 00:00:00.000,156.17.SG.TS1,2019-05-09 00:00:00.000,NULL
157.17.SG,BAO MINH INSURANCE CORP.,BAOMINH,2017-10-28 00:00:00.000,157.17.SG.TS1,NULL,NULL
112.17.HN,XUAN THANH INSURANCE JSC,XTI,2017-10-28 00:00:00.000,112.17.HN.TS1,2018-10-29 00:00:00.000,2019-01-08
115.17.HN,XUAN THANH INSURANCE JSC,XTI,2017-10-28 00:00:00.000,115.17.HN.TS1,2018-10-29 00:00:00.000,2019-01-08
158.17.SG,CATHAY INSURANCE (VIETNAM) CO., LTD,CATHAY,2017-10-29 00:00:00.000,158.17.SG.TS1,2018-04-12 00:00:00.000,2018-04-20
159.17.SG,MILITARY INSURANCE CORPORATION,MIC,2017-10-30 00:00:00.000,159.17.SG.TS1,2018-06-30 00:00:00.000,2018-12-21
159.17.SG,MILITARY INSURANCE CORPORATION,MIC,2017-10-30 00:00:00.000,159.17.SG.TS2,2018-12-05 00:00:00.000,2018-12-21
161.17.SG,BAO MINH BEN THANH,BMBT,2017-11-02 00:00:00.000,161.17.SG.TS1,2018-06-06 00:00:00.000,2018-07-10
116.17.HN,AGRICULTURE BANK INSURANCE JOINT – STOCK CORPORATION,ABIC,2017-11-02 00:00:00.000,116.17.HN.TS1,2018-09-26 00:00:00.000,2018-10-05
117.17.HN,BAKER & COMPANY,BAKER & COMPANY,2017-11-03 00:00:00.000,117.17.HN.TS1,2018-05-03 00:00:00.000,2018-05-18
185.17.SG,BAO LONG INSURANCE CORPORATION,BAOLONG,2017-11-04 00:00:00.000,185.17.SG.TS1,2018-03-20 00:00:00.000,2018-03-28
175.17.SG,BAO MINH INSURANCE CORP.,BAOMINH,2017-11-04 00:00:00.000,175.17.SG.TS1,2018-04-28 00:00:00.000,2018-05-22
163.17.SG,BAO LONG INSURANCE CORPORATION,BAOLONG,2017-11-04 00:00:00.000,163.17.SG.TS1,2018-03-08 00:00:00.000,2018-03-28
164.17.SG,BAO MINH INSURANCE CORP.,BAOMINH,2017-11-04 00:00:00.000,164.17.SG.TS1,NULL,NULL
165.17.SG,BAO MINH INSURANCE CORP.,BAOMINH,2017-11-04 00:00:00.000,165.17.SG.TS1,2018-07-24 00:00:00.000,2018-10-25
166.17.SG,BAO MINH INSURANCE CORP.,BAOMINH,2017-11-04 00:00:00.000,166.17.SG.TS1,2018-11-21 00:00:00.000,2019-01-28
167.17.SG,MILITARY INSURANCE CORPORATION,MIC,2017-11-04 00:00:00.000,167.17.SG.TS1,2019-01-21 00:00:00.000,2019-02-21
168.17.SG,BAO LONG INSURANCE CORPORATION,BAOLONG,2017-11-04 00:00:00.000,168.17.SG.TS1,2018-03-16 00:00:00.000,2018-03-20
169.17.SG,PVI INSURANCE CORPORATION - GIA DINH BRANCH,PVIGD,2017-11-06 00:00:00.000,169.17.SG.TS1,NULL,NULL
170.17.SG,POST TELECOMUNICATION INSURANCE,PTI,2017-11-06 00:00:00.000,170.17.SG.TS1,2019-01-10 00:00:00.000,2019-01-25
171.17.SG,GLOBAL INSURANCE CORPORATION,GIC,2017-11-06 00:00:00.000,171.17.SG.TS1,2018-07-25 00:00:00.000,2018-07-25
172.17.SG,BAO MINH INSURANCE CORP.,BAOMINH,2017-11-06 00:00:00.000,172.17.SG.TS1,2018-12-06 00:00:00.000,NULL
118.17.HN,BAO MINH INSURANCE CORP.,BAOMINH,2017-11-06 00:00:00.000,118.17.HN.TS1,2018-10-26 00:00:00.000,NULL
173.17.SG,BAO MINH INSURANCE CORP.,BAOMINH,2017-11-07 00:00:00.000,173.17.SG.TS1,2019-05-03 00:00:00.000,NULL
174.17.SG,PVI INSURANCE CORPORATION - PVI HCM,PVI HCM,2017-11-07 00:00:00.000,174.17.SG.TS1,2018-05-02 00:00:00.000,2018-05-03
176.17.SG,PVI INSURANCE CORPORATION - HANOI BRANCH,PVI HN,2017-11-07 00:00:00.000,176.17.SG.TS1,NULL,NULL
177.17.SG,BAO MINH INSURANCE CORP.,BAOMINH,2017-11-07 00:00:00.000,177.17.SG.TS1,2018-12-22 00:00:00.000,2019-01-03
178.17.SG,BAO MINH INSURANCE CORP.,BAOMINH,2017-11-07 00:00:00.000,178.17.SG.TS1,2017-12-22 00:00:00.000,2019-05-13
179.17.SG,BAO MINH INSURANCE CORP.,BAOMINH,2017-11-07 00:00:00.000,179.17.SG.TS1,2018-07-02 00:00:00.000,2018-08-24
180.17.SG,BAO MINH INSURANCE CORP.,BAOMINH,2017-11-07 00:00:00.000,180.17.SG.TS1,2018-12-20 00:00:00.000,2019-01-07
181.17.SG,BAO MINH INSURANCE CORP.,BAOMINH,2017-11-07 00:00:00.000,181.17.SG.TS1,2018-09-24 00:00:00.000,2018-10-01
182.17.SG,AGRICULTURE BANK INSURANCE JOINT – STOCK CORPORATION,ABIC,2017-11-07 00:00:00.000,182.17.SG.TS1,2017-12-30 00:00:00.000,2018-12-25
183.17.SG,BAO MINH BEN THANH,BMBT,2017-11-08 00:00:00.000,183.17.SG.TS1,2019-04-23 00:00:00.000,NULL
119.17.HN,PETROLIMEX INSURANCE CORPORATION,PJICO,2017-11-08 00:00:00.000,119.17.HN.TS1,2018-12-26 00:00:00.000,NULL
184.17.SG,GLOBAL INSURANCE CORPORATION,GIC,2017-11-08 00:00:00.000,184.17.SG.TS1,2018-12-20 00:00:00.000,2019-01-21
186.17.SG,BAO MINH BEN THANH,BMBT,2017-11-09 00:00:00.000,186.17.SG.TS1,2018-11-12 00:00:00.000,2019-01-17
187.17.SG,AGRICULTURE BANK INSURANCE JOINT – STOCK CORPORATION,ABIC,2017-11-09 00:00:00.000,187.17.SG.TS1,2019-04-11 00:00:00.000,2019-05-20
120.17.HN,UNITED INSURANCE COMPANY OF VIETNAM,UIC,2017-11-09 00:00:00.000,120.17.HN.TS1,2017-11-29 00:00:00.000,2017-11-29
188.17.SG,BIDV INSURANCE CORPORATION,BIC,2017-11-10 00:00:00.000,188.17.SG.TS1,2018-03-18 00:00:00.000,2018-04-26
189.17.SG,BAO LONG INSURANCE CORPORATION,BAOLONG,2017-11-10 00:00:00.000,189.17.SG.TS1,NULL,NULL
190.17.SG,MILITARY INSURANCE CORPORATION,MIC,2017-11-10 00:00:00.000,190.17.SG.TS1,NULL,NULL
191.17.SG,PETROLIMEX J.S INSURANCE COMPANY - SAI GON BRANCH,PJICO SG,2017-11-13 00:00:00.000,191.17.SG.TS1,2018-07-02 00:00:00.000,NULL
192.17.SG,GLOBAL INSURANCE CORPORATION,GIC,2017-11-13 00:00:00.000,192.17.SG.TS1,2018-03-20 00:00:00.000,2018-03-22
212.17.SG,GLOBAL INSURANCE CORPORATION,GIC,2017-11-13 00:00:00.000,212.17.SG.TS1,NULL,NULL
193.17.SG,AGRICULTURE BANK INSURANCE JOINT – STOCK CORPORATION,ABIC,2017-11-15 00:00:00.000,193.17.SG.TS1,2018-12-26 00:00:00.000,NULL
194.17.SG,PVI INSURANCE CORPORATION - GIA DINH BRANCH,PVIGD,2017-11-16 00:00:00.000,194.17.SG.TS1,2018-04-17 00:00:00.000,2018-05-14
195.17.SG,BIDV INSURANCE CORPORATION,BIC,2017-11-17 00:00:00.000,195.17.SG.TS1,2017-12-06 00:00:00.000,2017-12-11
121.17.HN,VIETINBANK INSURANCE COMPANY,VIETINSCO,2017-11-18 00:00:00.000,121.17.HN.TS1,2018-08-24 00:00:00.000,2018-08-27
162.17.SG,BAO MINH BEN THANH,BMBT,2017-11-19 00:00:00.000,162.17.SG.TS1,2018-07-30 00:00:00.000,2018-09-07
196.17.SG,GLOBAL INSURANCE CORPORATION,GIC,2017-11-21 00:00:00.000,196.17.SG.TS1,NULL,NULL
197.17.SG,BIDV INSURANCE CORP. - BEN THANH BRANCH,BIC BT,2017-11-21 00:00:00.000,197.17.SG.TS1,2018-06-04 00:00:00.000,2018-06-18
198.17.SG,BIDV INSURANCE CORP. - BEN THANH BRANCH,BIC BT,2017-11-24 00:00:00.000,198.17.SG.TS1,2018-12-26 00:00:00.000,2019-01-03
122.17.HN,PVI INSURANCE CORPORATION - HANOI BRANCH,PVI HN,2017-11-25 00:00:00.000,122.17.HN.TS1,NULL,NULL
123.17.HN,UNITED INSURANCE COMPANY OF VIETNAM - HCM BRANCH,UICHCM,2017-11-27 00:00:00.000,123.17.HN.TS1,2018-06-28 00:00:00.000,2018-08-08
199.17.SG,BIDV INSURANCE CORPORATION,BIC,2017-11-27 00:00:00.000,199.17.SG.TS1,NULL,NULL
124.17.HN,UNITED INSURANCE COMPANY OF VIETNAM,UIC,2017-11-27 00:00:00.000,124.17.HN.TS1,2019-02-15 00:00:00.000,2019-02-20
200.17.SG,MILITARY INSURANCE CORPORATION,MIC,2017-11-28 00:00:00.000,200.17.SG.TS1,NULL,NULL
201.17.SG,BAO MINH INSURANCE CORP.,BAOMINH,2017-11-29 00:00:00.000,201.17.SG.TS1,2018-06-27 00:00:00.000,2018-07-13
125.17.HN,UNITED INSURANCE COMPANY OF VIETNAM,UIC,2017-12-04 00:00:00.000,125.17.HN.TS1,2018-08-01 00:00:00.000,2018-08-06
126.17.HN,PVI INSURANCE CORPORATION - HANOI BRANCH,PVI HN,2017-12-04 00:00:00.000,126.17.HN.TS1,2018-09-20 00:00:00.000,2018-10-03
202.17.SG,BAO LONG INSURANCE CORPORATION,BAOLONG,2017-12-05 00:00:00.000,202.17.SG.TS1,2019-01-07 00:00:00.000,2019-01-07
127.17.HN,UNITED INSURANCE COMPANY OF VIETNAM,UIC,2017-12-07 00:00:00.000,127.17.HN.TS1,2018-11-21 00:00:00.000,2018-11-27
203.17.SG,AGRICULTURE BANK INSURANCE JOINT – STOCK CORPORATION,ABIC,2017-12-07 00:00:00.000,203.17.SG.TS1,NULL,NULL
128.17.HN,PETROLIMEX INSURANCE CORPORATION,PJICO,2017-12-07 00:00:00.000,128.17.HN.TS1,2018-02-26 00:00:00.000,2018-03-28
204.17.SG,MILITARY INSURANCE CORPORATION,MIC,2017-12-08 00:00:00.000,204.17.SG.TS1,2017-12-18 00:00:00.000,2018-06-01
129.17.HN,POST TELECOMUNICATION INSURANCE,PTI,2017-12-11 00:00:00.000,129.17.HN.TS1,2018-09-28 00:00:00.000,2018-10-10
205.17.SG,BAO MINH INSURANCE CORP.,BAOMINH,2017-12-12 00:00:00.000,205.17.SG.TS1,2018-06-28 00:00:00.000,2018-08-07
206.17.SG,FUBON INSURANCE VIETNAM COMPANY LIMITED,FUBON,2017-12-13 00:00:00.000,206.17.SG.TS1,2019-05-14 00:00:00.000,NULL
130.17.HN,BAO VIET TOKIO MARINE HANOI BRANCH,BVTM HN,2017-12-13 00:00:00.000,130.17.HN.TS1,2018-07-23 00:00:00.000,2018-07-24
208.17.SG,BAO MINH INSURANCE CORP.,BAOMINH,2017-12-14 00:00:00.000,208.17.SG.TS1,2019-01-04 00:00:00.000,NULL
209.17.SG,BAO MINH BEN THANH,BMBT,2017-12-15 00:00:00.000,209.17.SG.TS1,2018-03-09 00:00:00.000,2018-03-13
207.17.SG,BAO MINH BEN THANH,BMBT,2017-12-15 00:00:00.000,207.17.SG.TS1,2019-01-28 00:00:00.000,NULL
131.17.HN,PVI THANG LONG,PVI TL,2017-12-18 00:00:00.000,131.17.HN.TS1,2018-06-29 00:00:00.000,2018-12-07
132.17.HN,MILITARY INSURANCE CORPORATION,MIC,2017-12-19 00:00:00.000,132.17.HN.TS1,NULL,NULL
133.17.HN,PETROLIMEX INSURANCE CORPORATION,PJICO,2017-12-24 00:00:00.000,133.17.HN.TS1,NULL,NULL
210.17.SG,BAO MINH INSURANCE CORP.,BAOMINH,2017-12-25 00:00:00.000,210.17.SG.TS1,2019-03-26 00:00:00.000,2019-04-12
134.17.HN,UNITED INSURANCE COMPANY OF VIETNAM,UIC,2017-12-26 00:00:00.000,134.17.HN.TS1,2019-01-28 00:00:00.000,2019-02-12
135.17.HN,UNITED INSURANCE COMPANY OF VIETNAM,UIC,2017-12-26 00:00:00.000,135.17.HN.TS1,NULL,NULL
136.17.HN,UNITED INSURANCE COMPANY OF VIETNAM,UIC,2018-01-02 00:00:00.000,136.17.HN.TS1,2018-10-26 00:00:00.000,2018-10-30
18.18.SG,BIDV INSURANCE CORP. - HO CHI MINH BRANCH,BIC HCM,2018-01-08 00:00:00.000,18.18.SG.TS1,2018-01-16 00:00:00.000,2018-02-01
19.18.SG,BAO VIET INSURANCE CORP.,BHBV,2018-01-09 00:00:00.000,19.18.SG.TS1,NULL,NULL
18.18.HN,PVI INSURANCE CORPORATION - HANOI BRANCH,PVI HN,2018-01-11 00:00:00.000,18.18.HN.TS1,2018-09-28 00:00:00.000,2018-11-20
20.18.SG,BAO MINH BEN THANH,BMBT,2018-01-11 00:00:00.000,20.18.SG.TS1,2019-01-07 00:00:00.000,2019-01-18
19.18.HN,GLOBAL INSURANCE CORPORATION,GIC,2018-01-11 00:00:00.000,19.18.HN.TS1,2018-03-16 00:00:00.000,2018-03-20
20.18.HN,PVI THANG LONG,PVI TL,2018-01-15 00:00:00.000,20.18.HN.TS1,2018-06-01 00:00:00.000,2018-11-26
21.18.SG,BAO MINH INSURANCE CORP.,BAOMINH,2018-01-16 00:00:00.000,21.18.SG.TS1,NULL,NULL
22.18.SG,BAO VIET INSURANCE CORP. - SAI GON BRANCH,BVSG,2018-01-16 00:00:00.000,22.18.SG.TS1,2018-02-07 00:00:00.000,2018-02-07
23.18.SG,BAO LONG INSURANCE CORPORATION,BAOLONG,2018-01-17 00:00:00.000,23.18.SG.TS1,2018-05-28 00:00:00.000,2018-05-29
21.18.HN,PVI INSURANCE CORPORATION,PVI,2018-01-23 00:00:00.000,21.18.HN.TS1,2018-06-06 00:00:00.000,NULL
22.18.HN,PVI THANG LONG,PVI TL,2018-01-23 00:00:00.000,22.18.HN.TS1,2018-09-26 00:00:00.000,2018-11-23
23.18.HN,BAO VIET TOKIO MARINE HANOI BRANCH,BVTM HN,2018-01-24 00:00:00.000,23.18.HN.TS1,2018-05-16 00:00:00.000,2018-05-17
25.18.HN,BAO VIET TOKIO MARINE HANOI BRANCH,BVTM HN,2018-01-24 00:00:00.000,25.18.HN.TS1,2018-07-23 00:00:00.000,2018-07-30
24.18.SG,PTI INSURANCE - PTI PHU MY HUNG COMPANY,PTI PMH,2018-01-25 00:00:00.000,24.18.SG.TS1,2018-04-12 00:00:00.000,2018-04-12
25.18.SG,UNITED INSURANCE COMPANY OF VIETNAM - HCM BRANCH,UICHCM,2018-01-25 00:00:00.000,25.18.SG.TS1,NULL,NULL
16.19.HN,PVI INSURANCE CORPORATION - QUANG NINH BRANCH,PVI QUANG NINH,2018-01-28 00:00:00.000,16.19.HN.TS1,NULL,NULL
24.18.HN,PVI INSURANCE CORPORATION - HANOI BRANCH,PVI HN,2018-01-30 00:00:00.000,24.18.HN.TS1,2019-03-12 00:00:00.000,2019-04-09
26.18.SG,VIETINBANK INSURANCE COMPANY,VIETINSCO,2018-01-30 00:00:00.000,26.18.SG.TS1,2018-06-26 00:00:00.000,2018-06-29
27.18.SG,AGRICULTURE BANK INSURANCE JOINT – STOCK CORPORATION,ABIC,2018-01-31 00:00:00.000,27.18.SG.TS1,2018-09-04 00:00:00.000,2018-11-15
28.18.SG,AGRICULTURE BANK INSURANCE JOINT – STOCK CORPORATION,ABIC,2018-01-31 00:00:00.000,28.18.SG.TS1,NULL,NULL
29.18.SG,BAO VIET TOKIO MARINE HANOI BRANCH,BVTM HN,2018-02-01 00:00:00.000,29.18.SG.TS1,2019-03-27 00:00:00.000,2019-03-29
30.18.SG,BAO MINH INSURANCE CORP.,BAOMINH,2018-02-01 00:00:00.000,30.18.SG.TS1,NULL,NULL
31.18.SG,BAO MINH INSURANCE CORP.,BAOMINH,2018-02-03 00:00:00.000,31.18.SG.TS1,2018-04-24 00:00:00.000,2018-06-05
32.18.SG,BAO MINH BEN THANH,BMBT,2018-02-07 00:00:00.000,32.18.SG.TS1,2018-09-14 00:00:00.000,2019-01-24
33.18.SG,BAO MINH SONG BE,BMSB,2018-02-19 00:00:00.000,33.18.SG.TS1,2019-01-07 00:00:00.000,2019-01-18
34.18.SG,BAO MINH SONG BE,BMSB,2018-02-19 00:00:00.000,34.18.SG.TS1,2018-05-17 00:00:00.000,NULL
35.18.SG,UNITED INSURANCE COMPANY OF VIETNAM - HCM BRANCH,UICHCM,2018-02-21 00:00:00.000,35.18.SG.TS1,NULL,NULL
26.18.HN,UNITED INSURANCE COMPANY OF VIETNAM,UIC,2018-02-27 00:00:00.000,26.18.HN.TS1,2019-01-28 00:00:00.000,2019-01-28
36.18.SG,FUBON INSURANCE VIETNAM COMPANY LIMITED,FUBON,2018-03-02 00:00:00.000,36.18.SG.TS1,NULL,NULL
37.18.SG,LIBERTY INSURANCE LIMITED,LIBERTY,2018-03-09 00:00:00.000,37.18.SG.TS1,2018-10-26 00:00:00.000,2018-10-29
38.18.SG,LIBERTY INSURANCE LIMITED,LIBERTY,2018-03-09 00:00:00.000,38.18.SG.TS1,2018-10-26 00:00:00.000,2018-10-29
39.18.SG,LIBERTY INSURANCE LIMITED,LIBERTY,2018-03-10 00:00:00.000,39.18.SG.TS1,2018-09-25 00:00:00.000,2018-10-01
40.18.SG,BAO LONG INSURANCE CORPORATION,BAOLONG,2018-03-12 00:00:00.000,40.18.SG.TS1,2018-06-08 00:00:00.000,2018-06-14
41.18.SG,BAO VIET INSURANCE CORPORATION - HO CHI MINH BRANCH,BVHCM,2018-03-12 00:00:00.000,41.18.SG.TS1,2018-09-28 00:00:00.000,2018-11-02
43.18.SG,MSM INTERNATIONAL ADJUSTERS (MALAYSIA) SDN BHD,MSM,2018-03-14 00:00:00.000,43.18.SG.TS1,2018-08-27 00:00:00.000,2018-09-18
42.18.SG,FUBON INSURANCE VIETNAM COMPANY LIMITED,FUBON,2018-03-17 00:00:00.000,42.18.SG.TS1,2018-06-30 00:00:00.000,2018-07-17
27.18.HN,UNITED INSURANCE COMPANY OF VIETNAM,UIC,2018-03-21 00:00:00.000,27.18.HN.TS1,2019-01-17 00:00:00.000,2019-01-18
44.18.SG,BAO MINH BEN THANH,BMBT,2018-03-22 00:00:00.000,44.18.SG.TS1,2018-06-26 00:00:00.000,2018-07-25
45.18.SG,PVI INSURANCE CORPORATION,PVI,2018-03-23 00:00:00.000,45.18.SG.TS1,NULL,NULL
46.18.SG,PVI INSURANCE CORPORATION,PVI,2018-03-23 00:00:00.000,46.18.SG.TS1,2018-12-20 00:00:00.000,NULL
28.18.HN,UNITED INSURANCE COMPANY OF VIETNAM,UIC,2018-03-23 00:00:00.000,28.18.HN.TS1,2019-05-04 00:00:00.000,2019-05-06
47.18.SG,BIDV INSURANCE CORP. - HO CHI MINH BRANCH,BIC HCM,2018-03-26 00:00:00.000,47.18.SG.TS1,2018-09-12 00:00:00.000,2018-09-17
29.18.HN,PVI Hà Thành,PVIHT,2018-03-30 00:00:00.000,29.18.HN.TS1,2018-04-23 00:00:00.000,2018-06-01
49.18.SG,BAO MINH INSURANCE CORP.,BAOMINH,2018-03-30 00:00:00.000,49.18.SG.TS1,2018-07-03 00:00:00.000,2018-07-17
48.18.SG,PVI INSURANCE CORPORATION,PVI,2018-03-31 00:00:00.000,48.18.SG.TS1,2018-08-13 00:00:00.000,2018-08-17
50.18.SG,BAO MINH BEN THANH,BMBT,2018-04-02 00:00:00.000,50.18.SG.TS1,2018-05-16 00:00:00.000,2018-05-17
51.18.SG,BAO MINH SONG BE,BMSB,2018-04-04 00:00:00.000,51.18.SG.TS1,NULL,NULL
52.18.SG,BAO MINH BEN THANH,BMBT,2018-04-05 00:00:00.000,52.18.SG.TS1,2018-09-21 00:00:00.000,2018-09-21
30.18.HN,AGRICULTURE BANK INSURANCE JOINT – STOCK CORPORATION,ABIC,2018-04-07 00:00:00.000,30.18.HN.TS1,2018-08-24 00:00:00.000,2018-08-30
31.18.HN,LIBERTY INSURANCE LIMITED,LIBERTY,2018-04-11 00:00:00.000,31.18.HN.TS1,NULL,NULL
53.18.SG,POST TELECOMUNICATION INSURANCE - SAI GON BRANCH,PTI SG,2018-04-12 00:00:00.000,53.18.SG.TS1,2018-12-23 00:00:00.000,2018-12-24
53.18.SG,POST TELECOMUNICATION INSURANCE - SAI GON BRANCH,PTI SG,2018-04-12 00:00:00.000,53.18.SG.TS2,NULL,NULL
32.18.HN,UNITED INSURANCE COMPANY OF VIETNAM,UIC,2018-04-16 00:00:00.000,32.18.HN.TS1,2018-09-04 00:00:00.000,2018-09-05
54.18.SG,UNITED INSURANCE COMPANY OF VIETNAM,UIC,2018-04-20 00:00:00.000,54.18.SG.TS1,2018-09-04 00:00:00.000,2018-10-01
33.18.HN,BAO VIET TOKIO MARINE HANOI BRANCH,BVTM HN,2018-04-22 00:00:00.000,33.18.HN.TS1,2018-06-27 00:00:00.000,2018-11-14
55.18.SG,BAO MINH BEN THANH,BMBT,2018-04-22 00:00:00.000,55.18.SG.TS1,NULL,NULL
33.18.HN,BAO VIET TOKIO MARINE HANOI BRANCH,BVTM HN,2018-04-22 00:00:00.000,33.18.HN.TS2,2018-11-08 00:00:00.000,2018-11-14
34.18.HN,AGRICULTURE BANK INSURANCE JOINT – STOCK CORPORATION,ABIC,2018-04-23 00:00:00.000,34.18.HN.TS1,NULL,NULL
56.18.SG,AGRICULTURE BANK INSURANCE JOINT – STOCK CORPORATION,ABIC,2018-04-27 00:00:00.000,56.18.SG.TS1,2018-09-07 00:00:00.000,2018-10-11
57.18.SG,BAO LONG INSURANCE CORPORATION,BAOLONG,2018-05-03 00:00:00.000,57.18.SG.TS1,2018-05-22 00:00:00.000,2018-06-01
58.18.SG,UNITED INSURANCE COMPANY OF VIETNAM - HCM BRANCH,UICHCM,2018-05-04 00:00:00.000,58.18.SG.TS1,2019-03-12 00:00:00.000,2019-03-13
59.18.SG,PVI BEN THANH,PVI BT,2018-05-04 00:00:00.000,59.18.SG.TS1,NULL,NULL
60.18.SG,BAO MINH INSURANCE CORP.,BAOMINH,2018-05-09 00:00:00.000,60.18.SG.TS1,2018-10-29 00:00:00.000,2018-12-25
35.18.HN,GLOBAL INSURANCE CORPORATION,GIC,2018-05-09 00:00:00.000,35.18.HN.TS1,2018-06-26 00:00:00.000,NULL
36.18.HN,PVI INSURANCE CORPORATION,PVI,2018-05-12 00:00:00.000,36.18.HN.TS1,2018-08-22 00:00:00.000,2018-11-15
37.18.HN,PVI INSURANCE CORPORATION - THANH HOA BRANCH,PVI THANH HOA,2018-05-13 00:00:00.000,37.18.HN.TS1,NULL,NULL
61.18.SG,BAO LONG INSURANCE CORPORATION,BAOLONG,2018-05-14 00:00:00.000,61.18.SG.TS1,2019-01-14 00:00:00.000,2019-01-18
62.18.SG,AGRICULTURE BANK INSURANCE JOINT – STOCK CORPORATION - HCM BRANCH,ABIC HCM,2018-05-15 00:00:00.000,62.18.SG.TS1,2018-09-06 00:00:00.000,NULL
63.18.SG,BAO MINH CHO LON,BMCL,2018-05-19 00:00:00.000,63.18.SG.TS1,2019-01-29 00:00:00.000,2019-03-26
64.18.SG,UNITED INSURANCE COMPANY OF VIETNAM,UIC,2018-05-20 00:00:00.000,64.18.SG.TS1,2018-07-16 00:00:00.000,2018-07-17
65.18.SG,BIDV INSURANCE CORP. - CUU LONG BRANCH,BIC CUU LONG,2018-05-21 00:00:00.000,65.18.SG.TS1,2018-07-26 00:00:00.000,2018-11-08
66.18.SG,BAO MINH INSURANCE CORP.,BAOMINH,2018-05-21 00:00:00.000,66.18.SG.TS1,NULL,NULL
67.18.SG,PVI INSURANCE CORPORATION,PVI,2018-05-22 00:00:00.000,67.18.SG.TS1,NULL,NULL
38.18.HN,PVI INSURANCE CORPORATION,PVI,2018-05-24 00:00:00.000,38.18.HN.TS1,2018-06-25 00:00:00.000,2019-01-22
39.18.HN,POST TELECOMUNICATION INSURANCE - SAI GON BRANCH,PTI SG,2018-05-26 00:00:00.000,39.18.HN.TS1,NULL,NULL
68.18.SG,GLOBAL INSURANCE CORPORATION,GIC,2018-05-28 00:00:00.000,68.18.SG.TS1,2018-08-28 00:00:00.000,2018-09-12
40.18.HN,PVI INSURANCE CORPORATION,PVI,2018-05-28 00:00:00.000,40.18.HN.TS1,2018-10-15 00:00:00.000,2018-11-19
41.18.HN,BAO MINH INSURANCE CORP.,BAOMINH,2018-05-28 00:00:00.000,41.18.HN.TS1,2018-12-27 00:00:00.000,2019-03-27
70.18.SG,BAO MINH BEN THANH,BMBT,2018-05-30 00:00:00.000,70.18.SG.TS1,2018-09-04 00:00:00.000,2018-09-04
42.18.HN,PVI INSURANCE CORPORATION - THANH HOA BRANCH,PVI THANH HOA,2018-05-30 00:00:00.000,42.18.HN.TS1,2018-09-26 00:00:00.000,NULL
43.18.HN,AGRICULTURE BANK INSURANCE JOINT – STOCK CORPORATION,ABIC,2018-06-02 00:00:00.000,43.18.HN.TS1,2018-06-28 00:00:00.000,2018-12-21
69.18.SG,BAO MINH SONG BE,BMSB,2018-06-04 00:00:00.000,69.18.SG.TS1,2018-09-26 00:00:00.000,2018-10-01
44.18.HN,PVI INSURANCE CORPORATION,PVI,2018-06-05 00:00:00.000,44.18.HN.TS1,2019-04-16 00:00:00.000,2019-05-10
71.18.SG,UNITED INSURANCE COMPANY OF VIETNAM - HCM BRANCH,UICHCM,2018-06-05 00:00:00.000,71.18.SG.TS1,2018-06-26 00:00:00.000,2018-06-27
72.18.SG,BIDV INSURANCE CORP. - HO CHI MINH BRANCH,BIC HCM,2018-06-06 00:00:00.000,72.18.SG.TS1,2018-11-28 00:00:00.000,2019-01-03
73.18.SG,PVI INSURANCE CORPORATION,PVI,2018-06-11 00:00:00.000,73.18.SG.TS1,NULL,NULL
74.18.SG,BAO MINH INSURANCE CORP.,BAOMINH,2018-06-11 00:00:00.000,74.18.SG.TS1,2018-08-22 00:00:00.000,2018-08-27
75.18.SG,BAO VIET INSURANCE CORPORATION - HO CHI MINH BRANCH,BVHCM,2018-06-12 00:00:00.000,75.18.SG.TS1,2018-09-28 00:00:00.000,2018-11-02
45.18.HN,PVI INSURANCE CORPORATION - THANH HOA BRANCH,PVI THANH HOA,2018-06-15 00:00:00.000,45.18.HN.TS1,NULL,NULL
76.18.SG,BAO MINH BEN THANH,BMBT,2018-06-15 00:00:00.000,76.18.SG.TS1,NULL,NULL
77.18.SG,POST TELECOMUNICATION INSURANCE - SAI GON BRANCH,PTI SG,2018-06-15 00:00:00.000,77.18.SG.TS1,2019-01-24 00:00:00.000,NULL
78.18.SG,BAO MINH CHO LON,BMCL,2018-06-15 00:00:00.000,78.18.SG.TS1,2018-08-01 00:00:00.000,2018-08-17
46.18.HN,PVI INSURANCE CORPORATION - THANH HOA BRANCH,PVI THANH HOA,2018-06-18 00:00:00.000,46.18.HN.TS1,NULL,NULL
47.18.HN,BAO MINH INSURANCE CORP.,BAOMINH,2018-06-18 00:00:00.000,47.18.HN.TS1,NULL,NULL
48.18.HN,PETROLIMEX INSURANCE CORPORATION,PJICO,2018-06-27 00:00:00.000,48.18.HN.TS1,NULL,NULL
49.18.HN,AGRICULTURE BANK INSURANCE JOINT – STOCK CORPORATION,ABIC,2018-06-27 00:00:00.000,49.18.HN.TS1,2018-08-22 00:00:00.000,2018-12-21
50.18.HN,BAO MINH SONG BE,BMSB,2018-07-05 00:00:00.000,50.18.HN.TS1,2018-09-21 00:00:00.000,2018-09-21
79.18.SG,GLOBAL INSURANCE CORPORATION,GIC,2018-07-10 00:00:00.000,79.18.SG.TS1,2018-08-09 00:00:00.000,2018-08-10
51.18.HN,UNITED INSURANCE COMPANY OF VIETNAM,UIC,2018-07-11 00:00:00.000,51.18.HN.TS1,2019-02-12 00:00:00.000,2019-02-13
52.18.HN,BAO VIET TOKIO MARINE HANOI BRANCH,BVTM HN,2018-07-11 00:00:00.000,52.18.HN.TS1,2018-08-13 00:00:00.000,2018-08-13
53.18.HN,BAO VIET TOKIO MARINE HANOI BRANCH,BVTM HN,2018-07-11 00:00:00.000,53.18.HN.TS1,NULL,NULL
80.18.SG,BIDV INSURANCE CORPORATION,BIC,2018-07-12 00:00:00.000,80.18.SG.TS1,2018-12-27 00:00:00.000,NULL
80.18.SG,BIDV INSURANCE CORPORATION,BIC,2018-07-12 00:00:00.000,80.18.SG.TS2,NULL,NULL
81.18.SG,PTI INSURANCE - PTI PHU MY HUNG COMPANY,PTI PMH,2018-07-13 00:00:00.000,81.18.SG.TS1,2018-12-07 00:00:00.000,2018-12-18
82.18.SG,BIDV INSURANCE CORP. - HO CHI MINH BRANCH,BIC HCM,2018-07-13 00:00:00.000,82.18.SG.TS1,2018-12-27 00:00:00.000,NULL
56.18.HN,PVI INSURANCE CORPORATION - THANH HOA BRANCH,PVI THANH HOA,2018-07-15 00:00:00.000,56.18.HN.TS1,NULL,NULL
57.18.HN,FUBON INSURANCE VIETNAM COMPANY LIMITED,FUBON,2018-07-16 00:00:00.000,57.18.HN.TS1,2018-07-25 00:00:00.000,NULL
54.18.HN,BAO MINH INSURANCE CORP.,BAOMINH,2018-07-16 00:00:00.000,54.18.HN.TS1,NULL,NULL
55.18.HN,VIETINBANK INSURANCE COMPANY,VIETINSCO,2018-07-16 00:00:00.000,55.18.HN.TS1,2019-05-13 00:00:00.000,NULL
83.18.SG,FUBON INSURANCE VIETNAM COMPANY LIMITED,FUBON,2018-07-16 00:00:00.000,83.18.SG.TS1,2018-12-25 00:00:00.000,2019-01-08
84.18.SG,BIDV INSURANCE CORPORATION,BIC,2018-07-19 00:00:00.000,84.18.SG.TS1,2019-01-15 00:00:00.000,2019-01-24
85.18.SG,BIDV INSURANCE CORPORATION,BIC,2018-07-19 00:00:00.000,85.18.SG.TS1,2018-12-10 00:00:00.000,2018-12-14
58.18.HN,VIETINBANK INSURANCE COMPANY,VIETINSCO,2018-07-21 00:00:00.000,58.18.HN.TS1,2018-12-11 00:00:00.000,2019-01-28
59.18.HN,BAO MINH INSURANCE CORP.,BAOMINH,2018-07-23 00:00:00.000,59.18.HN.TS1,2019-05-02 00:00:00.000,2019-05-14
60.18.HN,POST TELECOMUNICATION INSURANCE,PTI,2018-07-23 00:00:00.000,60.18.HN.TS1,2019-02-22 00:00:00.000,NULL
61.18.HN,PVI INSURANCE CORPORATION,PVI,2018-07-23 00:00:00.000,61.18.HN.TS1,2018-08-14 00:00:00.000,2018-10-01
62.18.HN,BAO MINH INSURANCE CORP.,BAOMINH,2018-07-23 00:00:00.000,62.18.HN.TS1,2019-05-20 00:00:00.000,NULL
63.18.HN,BAO MINH INSURANCE CORP.,BAOMINH,2018-07-23 00:00:00.000,63.18.HN.TS1,2019-03-11 00:00:00.000,NULL
64.18.HN,PETROLIMEX INSURANCE CORPORATION,PJICO,2018-07-23 00:00:00.000,64.18.HN.TS1,NULL,NULL
65.18.HN,GLOBAL INSURANCE CORPORATION,GIC,2018-07-25 00:00:00.000,65.18.HN.TS1,NULL,NULL
66.18.HN,GLOBAL INSURANCE CORPORATION,GIC,2018-07-25 00:00:00.000,66.18.HN.TS1,2018-12-19 00:00:00.000,NULL
67.18.HN,GLOBAL INSURANCE CORPORATION,GIC,2018-07-25 00:00:00.000,67.18.HN.TS1,2018-12-25 00:00:00.000,NULL
66.18.HN,GLOBAL INSURANCE CORPORATION,GIC,2018-07-25 00:00:00.000,66.18.HN.TS2,NULL,NULL
67.18.HN,GLOBAL INSURANCE CORPORATION,GIC,2018-07-25 00:00:00.000,67.18.HN.TS2,NULL,NULL
70.18.HN,XUAN THANH INSURANCE JSC,XTI,2018-07-26 00:00:00.000,70.18.HN.TS1,2018-08-24 00:00:00.000,2019-01-08
71.18.HN,XUAN THANH INSURANCE JSC,XTI,2018-07-26 00:00:00.000,71.18.HN.TS1,2018-08-24 00:00:00.000,2019-01-08
69.18.HN,AGRICULTURE BANK INSURANCE JOINT – STOCK CORPORATION,ABIC,2018-07-26 00:00:00.000,69.18.HN.TS1,2019-05-20 00:00:00.000,NULL
68.18.HN,BAO LONG INSURANCE CORPORATION,BAOLONG,2018-07-26 00:00:00.000,68.18.HN.TS1,NULL,NULL
86.18.SG,POST TELECOMUNICATION INSURANCE,PTI,2018-07-28 00:00:00.000,86.18.SG.TS1,2018-08-20 00:00:00.000,2018-10-04
87.18.SG,AGRICULTURE BANK INSURANCE JOINT – STOCK CORPORATION,ABIC,2018-08-01 00:00:00.000,87.18.SG.TS1,2019-03-13 00:00:00.000,NULL
88.18.SG,AGRICULTURE BANK INSURANCE JOINT – STOCK CORPORATION,ABIC,2018-08-01 00:00:00.000,88.18.SG.TS1,2018-12-19 00:00:00.000,2019-02-18
89.18.SG,BAO MINH BEN THANH,BMBT,2018-08-02 00:00:00.000,89.18.SG.TS1,NULL,NULL
72.18.HN,PETROLIMEX INSURANCE CORPORATION,PJICO,2018-08-02 00:00:00.000,72.18.HN.TS1,NULL,NULL
73.18.HN,PVI INSURANCE CORPORATION,PVI,2018-08-02 00:00:00.000,73.18.HN.TS1,2018-08-30 00:00:00.000,2018-11-22
90.18.SG,BAO VIET INSURANCE CORPORATION - HO CHI MINH BRANCH,BVHCM,2018-08-03 00:00:00.000,90.18.SG.TS1,NULL,NULL
91.18.SG,BIDV INSURANCE CORPORATION - MIEN TAY BRANCH,BIC MIEN TAY,2018-08-03 00:00:00.000,91.18.SG.TS1,2018-10-01 00:00:00.000,2018-10-02
92.18.SG,CATHAY INSURANCE (VIETNAM) CO., LTD,CATHAY,2018-08-06 00:00:00.000,92.18.SG.TS1,2018-12-25 00:00:00.000,2019-02-22
92.18.SG,CATHAY INSURANCE (VIETNAM) CO., LTD,CATHAY,2018-08-06 00:00:00.000,92.18.SG.TS2,2019-02-12 00:00:00.000,2019-02-22
74.18.HN,GLOBAL INSURANCE CORPORATION,GIC,2018-08-07 00:00:00.000,74.18.HN.TS2,NULL,NULL
74.18.HN,GLOBAL INSURANCE CORPORATION,GIC,2018-08-07 00:00:00.000,74.18.HN.TS1,2018-12-25 00:00:00.000,NULL
75.18.HN,PVI INSURANCE CORPORATION,PVI,2018-08-08 00:00:00.000,75.18.HN.TS1,2019-02-28 00:00:00.000,2019-03-26
93.18.SG,PVI INSURANCE CORPORATION,PVI,2018-08-10 00:00:00.000,93.18.SG.TS1,NULL,NULL
94.18.SG,PVI INSURANCE CORPORATION,PVI,2018-08-10 00:00:00.000,94.18.SG.TS1,2018-09-28 00:00:00.000,2018-10-01
95.18.SG,POST TELECOMUNICATION INSURANCE,PTI,2018-08-13 00:00:00.000,95.18.SG.TS1,2018-08-22 00:00:00.000,2018-10-04
96.18.SG,SAI GON - HA NOI INSURANCE CORPORATION,BSH,2018-08-15 00:00:00.000,96.18.SG.TS1,NULL,NULL
97.18.SG,BAO MINH BEN THANH,BMBT,2018-08-15 00:00:00.000,97.18.SG.TS1,2018-12-12 00:00:00.000,2018-12-24
98.18.SG,AGRICULTURE BANK INSURANCE JOINT – STOCK CORPORATION,ABIC,2018-08-16 00:00:00.000,98.18.SG.TS1,2019-04-16 00:00:00.000,NULL
76.18.HN,POST TELECOMUNICATION INSURANCE,PTI,2018-08-17 00:00:00.000,76.18.HN.TS1,2019-01-25 00:00:00.000,2019-03-01
99.18.SG,POST TELECOMUNICATION INSURANCE,PTI,2018-08-19 00:00:00.000,99.18.SG.TS1,2019-01-04 00:00:00.000,2019-01-25
100.18.SG,POST TELECOMUNICATION INSURANCE,PTI,2018-08-20 00:00:00.000,100.18.SG.TS1,NULL,NULL
101.18.SG,PETROLIMEX J.S INSURANCE COMPANY - BEN THANH BRANCH,PJICO BT,2018-08-21 00:00:00.000,101.18.SG.TS1,NULL,NULL
77.18.HN,BAO MINH INSURANCE CORP.,BAOMINH,2018-08-21 00:00:00.000,77.18.HN.TS1,NULL,NULL
78.18.HN,AGRICULTURE BANK INSURANCE JOINT – STOCK CORPORATION,ABIC,2018-08-21 00:00:00.000,78.18.HN.TS1,NULL,NULL
79.18.HN,BAO MINH SONG BE,BMSB,2018-08-22 00:00:00.000,79.18.HN.TS1,2019-04-04 00:00:00.000,NULL
102.18.SG,BAO MINH BEN THANH,BMBT,2018-08-23 00:00:00.000,102.18.SG.TS1,2018-11-28 00:00:00.000,NULL
80.18.HN,PVI INSURANCE CORPORATION,PVI,2018-08-24 00:00:00.000,80.18.HN.TS1,NULL,NULL
81.18.HN,BAO VIET TOKIO MARINE HANOI BRANCH,BVTM HN,2018-08-27 00:00:00.000,81.18.HN.TS1,2018-11-27 00:00:00.000,2018-11-28
82.18.HN,BAO VIET TOKIO MARINE HANOI BRANCH,BVTM HN,2018-08-27 00:00:00.000,82.18.HN.TS1,2018-10-30 00:00:00.000,2018-10-31
81.18.HN,BAO VIET TOKIO MARINE HANOI BRANCH,BVTM HN,2018-08-27 00:00:00.000,81.18.HN.TS2,NULL,NULL
103.18.SG,BAO LONG INSURANCE CORPORATION,BAOLONG,2018-08-29 00:00:00.000,103.18.SG.TS1,2018-09-28 00:00:00.000,2018-10-11
104.18.SG,BAO LONG INSURANCE CORPORATION,BAOLONG,2018-08-30 00:00:00.000,104.18.SG.TS1,NULL,NULL
105.18.SG,BAO MINH SONG BE,BMSB,2018-08-31 00:00:00.000,105.18.SG.TS1,2018-11-29 00:00:00.000,2018-11-30
83.18.HN,PVI INSURANCE CORPORATION - THANH HOA BRANCH,PVI THANH HOA,2018-09-03 00:00:00.000,83.18.HN.TS1,NULL,NULL
84.18.HN,POST TELECOMUNICATION INSURANCE - SAI GON BRANCH,PTI SG,2018-09-04 00:00:00.000,84.18.HN.TS1,2019-05-10 00:00:00.000,2019-05-13
106.18.SG,POST TELECOMUNICATION INSURANCE - SAI GON BRANCH,PTI SG,2018-09-04 00:00:00.000,106.18.SG.TS1,2018-12-10 00:00:00.000,2018-12-20
85.18.HN,GLOBAL INSURANCE CORPORATION,GIC,2018-09-05 00:00:00.000,85.18.HN.TS1,2018-12-26 00:00:00.000,NULL
85.18.HN,GLOBAL INSURANCE CORPORATION,GIC,2018-09-05 00:00:00.000,85.18.HN.TS2,NULL,NULL
87.18.HN,AGRICULTURE BANK INSURANCE JOINT – STOCK CORPORATION,ABIC,2018-09-07 00:00:00.000,87.18.HN.TS1,2018-12-19 00:00:00.000,NULL
107.18.SG,BAO VIET TOKIO MARINE HANOI BRANCH,BVTM HN,2018-09-07 00:00:00.000,107.18.SG.TS1,NULL,NULL
108.18.SG,BAO MINH SONG BE,BMSB,2018-09-08 00:00:00.000,108.18.SG.TS1,2019-05-13 00:00:00.000,NULL
86.18.HN,BAO MINH SONG BE,BMSB,2018-09-11 00:00:00.000,86.18.HN.TS1,2019-02-18 00:00:00.000,NULL
109.18.SG,AGRICULTURE BANK INSURANCE JOINT – STOCK CORPORATION,ABIC,2018-09-11 00:00:00.000,109.18.SG.TS1,NULL,NULL
88.18.HN,POST TELECOMUNICATION INSURANCE,PTI,2018-09-11 00:00:00.000,88.18.HN.TS1,NULL,NULL
89.18.HN,BAO VIET TOKIO MARINE HANOI BRANCH,BVTM HN,2018-09-12 00:00:00.000,89.18.HN.TS1,2018-12-27 00:00:00.000,2019-01-09
110.18.SG,PETROLIMEX J.S INSURANCE COMPANY - BEN THANH BRANCH,PJICO BT,2018-09-12 00:00:00.000,110.18.SG.TS1,2018-11-09 00:00:00.000,NULL
111.18.SG,PETROLIMEX J.S INSURANCE COMPANY - BEN THANH BRANCH,PJICO BT,2018-09-12 00:00:00.000,111.18.SG.TS1,2018-11-09 00:00:00.000,NULL
90.18.HN,PVI INSURANCE CORPORATION,PVI,2018-09-14 00:00:00.000,90.18.HN.TS1,2018-10-26 00:00:00.000,2018-12-07
112.18.SG,PETROLIMEX J.S INSURANCE COMPANY - SAI GON BRANCH,PJICO SG,2018-09-17 00:00:00.000,112.18.SG.TS1,2018-09-26 00:00:00.000,NULL
113.18.SG,PETROLIMEX J.S INSURANCE COMPANY - SAI GON BRANCH,PJICO SG,2018-09-17 00:00:00.000,113.18.SG.TS1,NULL,NULL
91.18.HN,POST TELECOMUNICATION INSURANCE,PTI,2018-09-20 00:00:00.000,91.18.HN.TS1,NULL,NULL
92.18.HN,BIDV INSURANCE CORPORATION,BIC,2018-09-21 00:00:00.000,92.18.HN.TS1,2018-09-28 00:00:00.000,2018-11-28
115.18.SG,BAO MINH INSURANCE CORP.,BAOMINH,2018-09-23 00:00:00.000,115.18.SG.TS1,NULL,NULL
116.18.SG,BIDV INSURANCE CORPORATION,BIC,2018-09-24 00:00:00.000,116.18.SG.TS1,2019-02-27 00:00:00.000,NULL
114.18.SG,BIDV INSURANCE CORP. - HO CHI MINH BRANCH,BIC HCM,2018-09-24 00:00:00.000,114.18.SG.TS1,NULL,NULL
93.18.HN,PVI INSURANCE CORPORATION - QUANG NINH BRANCH,PVI QUANG NINH,2018-09-26 00:00:00.000,93.18.HN.TS1,2018-11-21 00:00:00.000,2018-12-13
94.18.HN,BAO MINH INSURANCE CORP.,BAOMINH,2018-09-28 00:00:00.000,94.18.HN.TS1,NULL,NULL
95.18.HN,AGRICULTURE BANK INSURANCE JOINT – STOCK CORPORATION,ABIC,2018-09-28 00:00:00.000,95.18.HN.TS1,2018-11-23 00:00:00.000,2018-12-26
117.18.SG,UNITED INSURANCE COMPANY OF VIETNAM - HCM BRANCH,UICHCM,2018-10-01 00:00:00.000,117.18.SG.TS1,2019-03-12 00:00:00.000,2019-03-13
118.18.SG,PVI INSURANCE CORPORATION,PVI,2018-10-01 00:00:00.000,118.18.SG.TS1,NULL,NULL
96.18.HN,PVI INSURANCE CORPORATION - THANH HOA BRANCH,PVI THANH HOA,2018-10-02 00:00:00.000,96.18.HN.TS1,NULL,NULL
119.18.SG,GLOBAL INSURANCE CORPORATION,GIC,2018-10-02 00:00:00.000,119.18.SG.TS1,NULL,NULL
120.18.SG,POST TELECOMUNICATION INSURANCE,PTI,2018-10-03 00:00:00.000,120.18.SG.TS1,NULL,NULL
97.18.HN,POST TELECOMUNICATION INSURANCE,PTI,2018-10-04 00:00:00.000,97.18.HN.TS1,2018-11-16 00:00:00.000,2019-01-07
121.18.SG,PTI INSURANCE - PTI PHU MY HUNG COMPANY,PTI PMH,2018-10-04 00:00:00.000,121.18.SG.TS1,2019-02-28 00:00:00.000,2019-03-01
122.18.SG,PETROLIMEX J.S INSURANCE COMPANY - BEN THANH BRANCH,PJICO BT,2018-10-05 00:00:00.000,122.18.SG.TS1,2018-12-28 00:00:00.000,NULL
123.18.SG,BAO LONG INSURANCE CORPORATION,BAOLONG,2018-10-07 00:00:00.000,123.18.SG.TS1,NULL,NULL
124.18.SG,BIDV INSURANCE CORPORATION - MIEN TAY BRANCH,BIC MIEN TAY,2018-10-09 00:00:00.000,124.18.SG.TS1,2018-12-25 00:00:00.000,2019-01-30
98.18.HN,BAO LONG INSURANCE CORPORATION,BAOLONG,2018-10-10 00:00:00.000,98.18.HN.TS1,2019-01-19 00:00:00.000,NULL
98.18.HN,BAO LONG INSURANCE CORPORATION,BAOLONG,2018-10-10 00:00:00.000,98.18.HN.TS2,NULL,NULL
99.18.HN,PVI INSURANCE CORPORATION - THANH HOA BRANCH,PVI THANH HOA,2018-10-12 00:00:00.000,99.18.HN.TS1,NULL,NULL
125.18.SG,PVI INSURANCE CORPORATION,PVI,2018-10-12 00:00:00.000,125.18.SG.TS1,NULL,NULL
126.18.SG,BIDV INSURANCE CORPORATION,BIC,2018-10-13 00:00:00.000,126.18.SG.TS1,NULL,NULL
127.18.SG,PETROLIMEX INSURANCE CORPORATION,PJICO,2018-10-16 00:00:00.000,127.18.SG.TS1,2018-12-20 00:00:00.000,NULL
128.18.SG,PVI INSURANCE CORPORATION,PVI,2018-10-16 00:00:00.000,128.18.SG.TS1,NULL,NULL
122.18.HN,UNKNOWN,UNKNOWN,2018-10-16 00:00:00.000,122.18.HN.TS1,2018-12-19 00:00:00.000,NULL
129.18.SG,BAO LONG INSURANCE CORPORATION,BAOLONG,2018-10-17 00:00:00.000,129.18.SG.TS1,NULL,NULL
100.18.HN,BAO VIET INSURANCE CORP.,BHBV,2018-10-18 00:00:00.000,100.18.HN.TS1,NULL,NULL
101.18.HN,BAO VIET INSURANCE CORP.,BHBV,2018-10-18 00:00:00.000,101.18.HN.TS1,NULL,NULL
130.18.SG,PTI INSURANCE - PTI PHU MY HUNG COMPANY,PTI PMH,2018-10-19 00:00:00.000,130.18.SG.TS1,NULL,NULL
131.18.SG,UNITED INSURANCE COMPANY OF VIETNAM,UIC,2018-10-22 00:00:00.000,131.18.SG.TS1,2019-05-17 00:00:00.000,NULL
132.18.SG,BAO MINH BEN THANH,BMBT,2018-10-22 00:00:00.000,132.18.SG.TS1,2018-12-12 00:00:00.000,2018-12-24
133.18.SG,BAO MINH BEN THANH,BMBT,2018-10-22 00:00:00.000,133.18.SG.TS1,2018-12-25 00:00:00.000,2019-01-17
134.18.SG,BAO MINH BEN THANH,BMBT,2018-10-22 00:00:00.000,134.18.SG.TS1,2018-11-20 00:00:00.000,NULL
102.18.HN,BAO MINH SONG BE,BMSB,2018-10-23 00:00:00.000,102.18.HN.TS1,2018-11-12 00:00:00.000,2019-01-17
135.18.SG,AGRICULTURE BANK INSURANCE JOINT – STOCK CORPORATION - HCM BRANCH,ABIC HCM,2018-10-24 00:00:00.000,135.18.SG.TS1,NULL,NULL
136.18.SG,PTI INSURANCE - PTI PHU MY HUNG COMPANY,PTI PMH,2018-10-25 00:00:00.000,136.18.SG.TS1,NULL,NULL
138.18.SG,BIDV INSURANCE CORPORATION,BIC,2018-10-25 00:00:00.000,138.18.SG.TS1,NULL,NULL
137.18.SG,POST TELECOMUNICATION INSURANCE,PTI,2018-10-26 00:00:00.000,137.18.SG.TS1,2018-11-21 00:00:00.000,2019-01-07
139.18.SG,PVI INSURANCE CORPORATION,PVI,2018-10-27 00:00:00.000,139.18.SG.TS1,NULL,NULL
140.18.SG,BAO MINH INSURANCE CORP.,BAOMINH,2018-10-30 00:00:00.000,140.18.SG.TS1,NULL,NULL
141.18.SG,BAO LONG INSURANCE CORPORATION,BAOLONG,2018-10-31 00:00:00.000,141.18.SG.TS1,NULL,NULL
142.18.SG,PETROLIMEX J.S INSURANCE COMPANY - SAI GON BRANCH,PJICO SG,2018-11-01 00:00:00.000,142.18.SG.TS1,2018-11-20 00:00:00.000,NULL
143.18.SG,BAO LONG INSURANCE CORPORATION,BAOLONG,2018-11-02 00:00:00.000,143.18.SG.TS1,2019-01-14 00:00:00.000,2019-01-23
103.18.HN,AGRICULTURE BANK INSURANCE JOINT – STOCK CORPORATION,ABIC,2018-11-05 00:00:00.000,103.18.HN.TS1,2019-02-15 00:00:00.000,NULL
144.18.SG,BAO VIET INSURANCE CORP.,BHBV,2018-11-05 00:00:00.000,144.18.SG.TS1,2018-12-26 00:00:00.000,2019-01-17
145.18.SG,VIETINBANK INSURANCE COMPANY,VIETINSCO,2018-11-06 00:00:00.000,145.18.SG.TS1,2018-12-19 00:00:00.000,2019-01-08
110.18.HN,AGRICULTURE BANK INSURANCE JOINT – STOCK CORPORATION - HN BRANCH,ABIC HN,2018-11-06 00:00:00.000,110.18.HN.TS1,NULL,NULL
146.18.SG,BAO LONG INSURANCE CORPORATION,BAOLONG,2018-11-11 00:00:00.000,146.18.SG.TS1,NULL,NULL
147.18.SG,BAO VIET TOKIO MARINE HANOI BRANCH,BVTM HN,2018-11-12 00:00:00.000,147.18.SG.TS1,NULL,NULL
104.18.HN,AGRICULTURE BANK INSURANCE JOINT – STOCK CORPORATION,ABIC,2018-11-12 00:00:00.000,104.18.HN.TS1,2019-02-25 00:00:00.000,NULL
105.18.HN,AGRICULTURE BANK INSURANCE JOINT – STOCK CORPORATION - HN BRANCH,ABIC HN,2018-11-13 00:00:00.000,105.18.HN.TS1,NULL,NULL
148.18.SG,BAO MINH INSURANCE CORP.,BAOMINH,2018-11-14 00:00:00.000,148.18.SG.TS1,NULL,NULL
149.18.SG,PVI CS South Office,PVI CS South Office,2018-11-14 00:00:00.000,149.18.SG.TS1,2019-05-04 00:00:00.000,NULL
159.18.SG,BAO VIET TOKIO MARINE HANOI BRANCH,BVTM HN,2018-11-15 00:00:00.000,159.18.SG.TS1,NULL,NULL
150.18.SG,AGRICULTURE BANK INSURANCE JOINT – STOCK CORPORATION,ABIC,2018-11-16 00:00:00.000,150.18.SG.TS1,2019-05-14 00:00:00.000,2019-05-15
151.18.SG,AGRICULTURE BANK INSURANCE JOINT – STOCK CORPORATION,ABIC,2018-11-16 00:00:00.000,151.18.SG.TS1,NULL,NULL
152.18.SG,PETROLIMEX INSURANCE CORPORATION,PJICO,2018-11-16 00:00:00.000,152.18.SG.TS1,NULL,NULL
106.18.HN,UNITED INSURANCE COMPANY OF VIETNAM,UIC,2018-11-19 00:00:00.000,106.18.HN.TS1,2018-12-28 00:00:00.000,NULL
153.18.SG,BAO LONG INSURANCE CORPORATION,BAOLONG,2018-11-19 00:00:00.000,153.18.SG.TS1,2019-03-28 00:00:00.000,2019-04-19
154.18.SG,BAO MINH INSURANCE CORP.,BAOMINH,2018-11-19 00:00:00.000,154.18.SG.TS1,NULL,NULL
155.18.SG,BAO MINH INSURANCE CORP.,BAOMINH,2018-11-19 00:00:00.000,155.18.SG.TS1,NULL,NULL
156.18.SG,BAO MINH INSURANCE CORP.,BAOMINH,2018-11-19 00:00:00.000,156.18.SG.TS1,NULL,NULL
157.18.SG,BAO MINH INSURANCE CORP.,BAOMINH,2018-11-19 00:00:00.000,157.18.SG.TS1,NULL,NULL
158.18.SG,BAO MINH INSURANCE CORP.,BAOMINH,2018-11-19 00:00:00.000,158.18.SG.TS1,2018-12-21 00:00:00.000,2019-04-09
158.18.SG,BAO MINH INSURANCE CORP.,BAOMINH,2018-11-19 00:00:00.000,158.18.SG.TS2,2019-02-15 00:00:00.000,2019-04-09
160.18.SG,BAO MINH INSURANCE CORP.,BAOMINH,2018-11-21 00:00:00.000,160.18.SG.TS1,2018-12-27 00:00:00.000,NULL
107.18.HN,BAO MINH INSURANCE CORP.,BAOMINH,2018-11-22 00:00:00.000,107.18.HN.TS1,NULL,NULL
108.18.HN,UNITED INSURANCE COMPANY OF VIETNAM,UIC,2018-11-23 00:00:00.000,108.18.HN.TS1,2019-02-12 00:00:00.000,2019-02-13
166.18.SG,POST TELECOMUNICATION INSURANCE,PTI,2018-11-25 00:00:00.000,166.18.SG.TS1,NULL,NULL
162.18.SG,BAO MINH INSURANCE CORP.,BAOMINH,2018-11-26 00:00:00.000,162.18.SG.TS1,NULL,NULL
163.18.SG,BAO MINH INSURANCE CORP.,BAOMINH,2018-11-26 00:00:00.000,163.18.SG.TS1,2019-01-25 00:00:00.000,2019-02-23
164.18.SG,BAO LONG INSURANCE CORPORATION,BAOLONG,2018-11-26 00:00:00.000,164.18.SG.TS1,2019-01-24 00:00:00.000,2019-02-20
165.18.SG,BIDV INSURANCE CORPORATION,BIC,2018-11-26 00:00:00.000,165.18.SG.TS1,NULL,NULL
161.18.SG,UNITED INSURANCE COMPANY OF VIETNAM - HCM BRANCH,UICHCM,2018-11-26 00:00:00.000,161.18.SG.TS1,2019-04-16 00:00:00.000,2019-04-17
109.18.HN,BAO MINH INSURANCE CORP.,BAOMINH,2018-11-26 00:00:00.000,109.18.HN.TS1,2019-04-27 00:00:00.000,2019-05-07
167.18.SG,BAO LONG INSURANCE CORPORATION,BAOLONG,2018-11-27 00:00:00.000,167.18.SG.TS1,2019-02-21 00:00:00.000,2019-03-05
168.18.SG,GLOBAL INSURANCE CORPORATION,GIC,2018-11-27 00:00:00.000,168.18.SG.TS1,2019-04-23 00:00:00.000,2019-04-25
169.18.SG,VIETINBANK INSURANCE COMPANY,VIETINSCO,2018-11-27 00:00:00.000,169.18.SG.TS1,NULL,NULL
170.18.SG,BAO MINH INSURANCE CORP.,BAOMINH,2018-11-27 00:00:00.000,170.18.SG.TS1,NULL,NULL
171.18.SG,BAO MINH INSURANCE CORP.,BAOMINH,2018-11-28 00:00:00.000,171.18.SG.TS1,NULL,NULL
111.18.HN,BAO VIET TOKIO MARINE HANOI BRANCH,BVTM HN,2018-11-29 00:00:00.000,111.18.HN.TS1,NULL,NULL
172.18.SG,POST TELECOMUNICATION INSURANCE,PTI,2018-11-29 00:00:00.000,172.18.SG.TS1,NULL,NULL
173.18.SG,BAO LONG INSURANCE CORPORATION,BAOLONG,2018-11-30 00:00:00.000,173.18.SG.TS1,2019-04-26 00:00:00.000,NULL
174.18.SG,BAO MINH SONG BE,BMSB,2018-12-04 00:00:00.000,174.18.SG.TS1,2019-02-22 00:00:00.000,2019-02-26
112.18.HN,BAO MINH INSURANCE CORP.,BAOMINH,2018-12-11 00:00:00.000,112.18.HN.TS1,NULL,NULL
113.18.HN,AGRICULTURE BANK INSURANCE JOINT – STOCK CORPORATION,ABIC,2018-12-11 00:00:00.000,113.18.HN.TS1,NULL,NULL
114.18.HN,BAO MINH INSURANCE CORP.,BAOMINH,2018-12-11 00:00:00.000,114.18.HN.TS1,NULL,NULL
115.18.HN,BAO MINH INSURANCE CORP.,BAOMINH,2018-12-11 00:00:00.000,115.18.HN.TS1,NULL,NULL
116.18.HN,BAO MINH INSURANCE CORP.,BAOMINH,2018-12-12 00:00:00.000,116.18.HN.TS1,2019-05-07 00:00:00.000,2019-05-20
117.18.HN,BAO MINH INSURANCE CORP.,BAOMINH,2018-12-12 00:00:00.000,117.18.HN.TS1,NULL,NULL
118.18.HN,BAO MINH INSURANCE CORP.,BAOMINH,2018-12-12 00:00:00.000,118.18.HN.TS1,NULL,NULL
119.18.HN,BAO MINH INSURANCE CORP.,BAOMINH,2018-12-12 00:00:00.000,119.18.HN.TS1,NULL,NULL
120.18.HN,BAO MINH INSURANCE CORP.,BAOMINH,2018-12-12 00:00:00.000,120.18.HN.TS1,NULL,NULL
175.18.SG,LIBERTY INSURANCE LIMITED,LIBERTY,2018-12-13 00:00:00.000,175.18.SG.TS1,NULL,NULL
121.18.HN,BAO MINH BEN THANH,BMBT,2018-12-14 00:00:00.000,121.18.HN.TS1,2019-03-14 00:00:00.000,2019-03-18
176.18.SG,PVI CS South Office,PVI CS South Office,2018-12-17 00:00:00.000,176.18.SG.TS1,NULL,NULL
123.18.HN,PVI CS NORTH OFFICE,PVI NORTH,2018-12-22 00:00:00.000,123.18.HN.TS1,NULL,NULL
124.18.HN,BAO MINH BEN THANH,BMBT,2018-12-24 00:00:00.000,124.18.HN.TS1,NULL,NULL
177.18.SG,POST TELECOMUNICATION INSURANCE,PTI,2018-12-27 00:00:00.000,177.18.SG.TS1,NULL,NULL
16.19.SG,PVI INSURANCE CORPORATION,PVI,2019-01-02 00:00:00.000,16.19.SG.TS1,NULL,NULL
17.19.SG,FUBON INSURANCE VIETNAM COMPANY LIMITED,FUBON,2019-01-02 00:00:00.000,17.19.SG.TS1,NULL,NULL
17.19.HN,POST TELECOMUNICATION INSURANCE,PTI,2019-01-04 00:00:00.000,17.19.HN.TS1,NULL,NULL
18.19.SG,BIDV INSURANCE CORPORATION - SAI GON BRANCH,BIC SG,2019-01-04 00:00:00.000,18.19.SG.TS1,NULL,NULL
19.19.SG,BAO MINH CHO LON,BMCL,2019-01-10 00:00:00.000,19.19.SG.TS1,NULL,NULL
18.19.HN,UNITED INSURANCE COMPANY OF VIETNAM,UIC,2019-01-12 00:00:00.000,18.19.HN.TS1,NULL,NULL
20.19.SG,BAO LONG INSURANCE CORPORATION,BAOLONG,2019-01-15 00:00:00.000,20.19.SG.TS1,2019-03-12 00:00:00.000,2019-03-13
21.19.SG,BIDV INSURANCE CORPORATION - SAI GON BRANCH,BIC SG,2019-01-15 00:00:00.000,21.19.SG.TS1,2019-05-17 00:00:00.000,NULL
22.19.SG,BAO MINH INSURANCE CORP.,BAOMINH,2019-01-17 00:00:00.000,22.19.SG.TS1,NULL,NULL
23.19.SG,BAO MINH BEN THANH,BMBT,2019-01-17 00:00:00.000,23.19.SG.TS1,NULL,NULL
24.19.SG,POST TELECOMUNICATION INSURANCE,PTI,2019-01-18 00:00:00.000,24.19.SG.TS1,NULL,NULL
19.19.HN,UNITED INSURANCE COMPANY OF VIETNAM,UIC,2019-01-18 00:00:00.000,19.19.HN.TS1,NULL,NULL
25.19.SG,BAO MINH SONG BE,BMSB,2019-01-20 00:00:00.000,25.19.SG.TS1,NULL,NULL
20.19.HN,BAO LONG INSURANCE CORPORATION,BAOLONG,2019-01-21 00:00:00.000,20.19.HN.TS1,NULL,NULL
21.19.HN,BAO MINH BEN THANH,BMBT,2019-01-22 00:00:00.000,21.19.HN.TS1,NULL,NULL
22.19.HN,BAO VIET TOKIO MARINE HANOI BRANCH,BVTM HN,2019-01-29 00:00:00.000,22.19.HN.TS1,NULL,NULL
26.19.SG,POST TELECOMUNICATION INSURANCE,PTI,2019-02-06 00:00:00.000,26.19.SG.TS1,NULL,NULL
27.19.SG,BAO MINH INSURANCE CORP.,BAOMINH,2019-02-11 00:00:00.000,27.19.SG.TS1,NULL,NULL
28.19.SG,GLOBAL INSURANCE CORPORATION,GIC,2019-02-11 00:00:00.000,28.19.SG.TS1,NULL,NULL
23.19.HN,AGRICULTURE BANK INSURANCE JOINT – STOCK CORPORATION - HN BRANCH,ABIC HN,2019-02-11 00:00:00.000,23.19.HN.TS1,NULL,NULL
24.19.HN,UNITED INSURANCE COMPANY OF VIETNAM,UIC,2019-02-13 00:00:00.000,24.19.HN.TS1,NULL,NULL
25.19.HN,BAO MINH BEN THANH,BMBT,2019-02-15 00:00:00.000,25.19.HN.TS1,NULL,NULL
26.19.HN,PVI THANG LONG,PVI TL,2019-02-22 00:00:00.000,26.19.HN.TS1,2019-05-15 00:00:00.000,NULL
27.19.HN,UNKNOWN,UNKNOWN,2019-02-25 00:00:00.000,27.19.HN.TS1,NULL,NULL
29.19.SG,BAO LONG INSURANCE CORPORATION,BAOLONG,2019-03-04 00:00:00.000,29.19.SG.TS1,NULL,NULL
30.19.SG,BAO MINH CHO LON,BMCL,2019-03-05 00:00:00.000,30.19.SG.TS1,2019-03-21 00:00:00.000,NULL
31.19.SG,AGRICULTURE BANK INSURANCE JOINT – STOCK CORPORATION,ABIC,2019-03-05 00:00:00.000,31.19.SG.TS1,NULL,NULL
32.19.SG,CATHAY INSURANCE (VIETNAM) CO., LTD,CATHAY,2019-03-08 00:00:00.000,32.19.SG.TS1,NULL,NULL
33.19.SG,POST TELECOMUNICATION INSURANCE,PTI,2019-03-08 00:00:00.000,33.19.SG.TS1,NULL,NULL
28.19.HN,BAO MINH INSURANCE CORP.,BAOMINH,2019-03-11 00:00:00.000,28.19.HN.TS1,NULL,NULL
34.19.SG,BAO MINH INSURANCE CORP.,BAOMINH,2019-03-12 00:00:00.000,34.19.SG.TS1,NULL,NULL
35.19.SG,BAO MINH INSURANCE CORP.,BAOMINH,2019-03-12 00:00:00.000,35.19.SG.TS1,NULL,NULL
36.19.SG,CATHAY INSURANCE (VIETNAM) CO., LTD,CATHAY,2019-03-18 00:00:00.000,36.19.SG.TS1,NULL,NULL
37.19.SG,UNITED INSURANCE COMPANY OF VIETNAM,UIC,2019-03-18 00:00:00.000,37.19.SG.TS1,NULL,NULL
38.19.SG,BAO MINH INSURANCE CORP.,BAOMINH,2019-03-19 00:00:00.000,38.19.SG.TS1,NULL,NULL
39.19.SG,LIBERTY INSURANCE LIMITED,LIBERTY,2019-03-22 00:00:00.000,39.19.SG.TS1,NULL,NULL
40.19.SG,BAO LONG INSURANCE CORPORATION,BAOLONG,2019-03-22 00:00:00.000,40.19.SG.TS1,NULL,NULL
41.19.SG,BAO LONG INSURANCE CORPORATION,BAOLONG,2019-03-22 00:00:00.000,41.19.SG.TS1,NULL,NULL
29.19.HN,FUBON INSURANCE VIETNAM COMPANY LIMITED,FUBON,2019-03-22 00:00:00.000,29.19.HN.TS1,NULL,NULL
42.19.SG,BIDV INSURANCE CORPORATION - SAI GON BRANCH,BIC SG,2019-03-25 00:00:00.000,42.19.SG.TS1,NULL,NULL
43.19.SG,PVI CS South Office,PVI CS South Office,2019-03-25 00:00:00.000,43.19.SG.TS1,NULL,NULL
44.19.SG,BAO MINH INSURANCE CORP.,BAOMINH,2019-03-26 00:00:00.000,44.19.SG.TS1,NULL,NULL
45.19.SG,GLOBAL INSURANCE CORPORATION,GIC,2019-03-26 00:00:00.000,45.19.SG.TS1,NULL,NULL
46.19.SG,BIDV INSURANCE CORPORATION,BIC,2019-03-28 00:00:00.000,46.19.SG.TS1,NULL,NULL
47.19.SG,BAO MINH INSURANCE CORP.,BAOMINH,2019-03-28 00:00:00.000,47.19.SG.TS1,NULL,NULL
48.19.SG,BAO LONG INSURANCE CORPORATION,BAOLONG,2019-03-28 00:00:00.000,48.19.SG.TS1,2019-05-03 00:00:00.000,2019-05-03
30.19.HN,BAO MINH INSURANCE CORP.,BAOMINH,2019-04-01 00:00:00.000,30.19.HN.TS1,NULL,NULL
49.19.SG,BAO MINH INSURANCE CORP.,BAOMINH,2019-04-02 00:00:00.000,49.19.SG.TS1,NULL,NULL
31.19.HN,BAO VIET TOKIO MARINE HANOI BRANCH,BVTM HN,2019-04-04 00:00:00.000,31.19.HN.TS1,NULL,NULL
50.19.SG,BAO VIET TOKIO MARINE HOCHIMINH CITY BRANCH,BVTM HCMC,2019-04-11 00:00:00.000,50.19.SG.TS1,NULL,NULL
32.19.HN,BAO MINH INSURANCE CORP.,BAOMINH,2019-04-11 00:00:00.000,32.19.HN.TS1,NULL,NULL
51.19.SG,PVI INSURANCE CORPORATION,PVI,2019-04-11 00:00:00.000,51.19.SG.TS1,NULL,NULL
52.19.SG,FUBON INSURANCE VIETNAM COMPANY LIMITED,FUBON,2019-04-12 00:00:00.000,52.19.SG.TS1,NULL,NULL
33.19.HN,GLOBAL INSURANCE CORPORATION,GIC,2019-04-14 00:00:00.000,33.19.HN.TS1,NULL,NULL
34.19.HN,POST TELECOMUNICATION INSURANCE,PTI,2019-04-16 00:00:00.000,34.19.HN.TS1,NULL,NULL
35.19.HN,POST TELECOMUNICATION INSURANCE,PTI,2019-04-19 00:00:00.000,35.19.HN.TS1,NULL,NULL
53.19.SG,BIDV INSURANCE CORPORATION,BIC,2019-04-21 00:00:00.000,53.19.SG.TS1,NULL,NULL
54.19.SG,BAO MINH BEN THANH,BMBT,2019-05-02 00:00:00.000,54.19.SG.TS1,NULL,NULL
55.19.SG,BAO LONG INSURANCE CORPORATION,BAOLONG,2019-05-03 00:00:00.000,55.19.SG.TS1,NULL,NULL
56.19.SG,BIDV INSURANCE CORP. - HANOI BRANCH,BIC HANOI,2019-05-04 00:00:00.000,56.19.SG.TS1,NULL,NULL
57.19.SG,POST TELECOMUNICATION INSURANCE,PTI,2019-05-06 00:00:00.000,57.19.SG.TS1,NULL,NULL
58.19.SG,UNITED INSURANCE COMPANY OF VIETNAM - HCM BRANCH,UICHCM,2019-05-06 00:00:00.000,58.19.SG.TS1,NULL,NULL
59.19.SG,BAO MINH INSURANCE CORP.,BAOMINH,2019-05-07 00:00:00.000,59.19.SG.TS1,NULL,NULL
60.19.SG,POST TELECOMUNICATION INSURANCE,PTI,2019-05-10 00:00:00.000,60.19.SG.TS1,NULL,NULL
61.19.SG,BAO MINH INSURANCE CORP.,BAOMINH,2019-05-14 00:00:00.000,61.19.SG.TS1,NULL,NULL
62.19.SG,BIDV INSURANCE CORP. - HO CHI MINH BRANCH,BIC HCM,2019-05-14 00:00:00.000,62.19.SG.TS1,NULL,NULL
36.19.HN,UNITED INSURANCE COMPANY OF VIETNAM,UIC,2019-05-14 00:00:00.000,36.19.HN.TS1,NULL,NULL
37.19.HN,POST TELECOMUNICATION INSURANCE - SAI GON BRANCH,PTI SG,2019-05-14 00:00:00.000,37.19.HN.TS1,NULL,NULL
64.19.SG,BAO MINH INSURANCE CORP.,BAOMINH,2019-05-16 00:00:00.000,64.19.SG.TS1,NULL,NULL
65.19.SG,BAO MINH BEN THANH,BMBT,2019-05-20 00:00:00.000,65.19.SG.TS1,NULL,NULL
